Player,EVENTS_PLAYED,POINTS,NUMBER_OF_WINS,NUMBER_OF_TOP_Tens,POINTS_BEHIND_LEAD,ROUNDS_PLAYED,SG_PUTTING_PER_ROUND,TOTAL_SG:PUTTING,MEASURED_ROUNDS,AVG_Driving_DISTANCE,UP_AND_DOWN_%,PAR_OR_BETTER,MISSED_GIR,FAIRWAY_HIT_%,FAIRWAYS_HIT,POSSIBLE_FAIRWAYS,GIR_RANK,GOING_FOR_GREEN_IN_2%,ATTEMPTS_GFG,NON-ATTEMPTS_GFG,RTP-GOING_FOR_THE_GREEN,RTP-NOT_GOING_FOR_THE_GRN,HOLE_OUTS,SAND_SAVE%,NUMBER_OF_SAVES,NUMBER_OF_BUNKERS,TOTAL_O/U_PAR,Three_PUTT%,TOTAL_3_PUTTS,SG_PER_ROUND,SG:OTT,SG:APR,SG:ARG,DRIVES_320+%,TOTAL_DRIVES_FOR_320+,TOTAL_DRIVES,ROUGH_TENDNECY%,TOTAL_ROUGH,FAIRWAY_BUNKER%,TOTAL_FAIRWAY_BUNKERS,AVG_CLUB_HEAD_SPEED,FASTEST_CH_SPEED,SLOWEST_CH_SPEED,AVG_BALL_SPEED,FASTEST_BALL_SPEED,SLOWEST_BALL_SPEED,AVG_SMASH_FACTOR,HIGHEST_SF,LOWEST_SF,AVG_LAUNCH_ANGLE,LOWEST_LAUNCH_ANGLE,STEEPEST_LAUNCH_ANGLE,AVG_SPIN_RATE,HIGHEST_SPIN_RATE,LOWEST_SPIN_RATE,AVG_HANG_TIME,LONGEST_ACT.HANG_TIME,SHORTEST_ACT.HANG_TIME,AVG_CARRY_DISTANCE,LONGEST_CARRY_DISTANCE,SHORTEST_CARRY_DISTANCE,AVG_SCORE,TOTAL_STROKES,TOTAL_ROUNDS,MAKES_BOGEY%,BOGEYS_MADE,HOLES_PLAYED,AGE
Aaron Baddeley,27,342,0,1,5275,84,-0.062,-4.064,66,295.5,62.09,303,488,52.18,538,1031,165,55.6,139,111,-86,-2,20,56.25,72,128,32,2.49,35,0.305,-0.375,0.048,0.632,7.07,65,920,35.86,327,7.5,68,113.89,118.45,110.22,170.68,174.72,166.01,1.498,1.519,1.446,14.71,10.45,18.49,2683,3761,2157,6.2,7.6,0.8,278.2,312.6,237.1,70.85,5518,78,16.24,228,1404,37
Aaron Wise,27,1498,1,4,4119,82,0.245,17.134,70,303.4,56.59,249,440,63.29,688,1087,45,60.38,157,103,-97,-3,11,48.8,61,125,38,3.44,52,0.486,0.421,0.075,-0.01,11.82,122,"1,032",24.34,249,7,72,114.4,117.45,111.03,171.87,175.64,167.5,1.502,1.516,1.444,13.96,9.25,17.49,2561.1,4507,1903,6.5,7.6,4.7,282.5,314.6,255.7,70.276,5888,84,16.53,250,1512,22
Abraham Ancer,29,909,0,5,4708,94,-0.052,-4.076,79,296.3,63.23,356,563,63.06,811,1286,108,59.87,179,120,-77,-18,13,54.38,87,160,31,2.66,46,0.444,0.332,0.128,-0.016,12,139,"1,158",28.68,331,5.6,65,111.85,115.87,108.23,167.57,174.44,160.94,1.498,1.519,1.441,13.94,11.32,16.68,2599.9,6085,1700,6.4,7.6,4.6,275.1,305.8,223.5,70.659,6745,96,14.76,255,1728,27
Adam Hadwin,24,1054,0,3,4563,88,0.145,8.729,60,289.7,59.04,284,481,65.18,760,1166,74,58.87,146,102,-68,-1,12,48.15,78,162,42,2.31,37,0.584,0.121,0.24,0.223,7.81,70,896,23.52,210,6.8,61,111.69,115.91,108.55,168.2,171.03,162.51,1.506,1.519,1.472,13.67,10.45,17.11,2952,6446,2175,6.5,7.7,4,277.7,307.7,246.9,70.75,6280,89,15.61,250,1602,30
Adam Schenk,28,239,0,1,5378,86,0.13,8.558,66,305.5,54.55,252,462,57.67,643,1115,67,62.4,151,91,-81,4,8,42.36,61,144,51,3.26,47,-0.28,0.073,-0.262,-0.091,15.54,143,920,31.98,291,6.3,57,120.59,123.73,116.98,177.58,181.34,171.12,1.472,1.508,1.426,13.47,10.33,16.1,3006.1,3795,1913,6.5,7.7,4,283,305,236.8,71.37,5683,80,16.88,243,1440,26
Adam Scott,20,1052,0,3,4565,74,-0.221,-11.944,54,304.8,56.5,213,377,62.16,626,1007,6,59.39,117,80,-68,-6,7,52,65,125,43,4.34,61,1.224,0.366,0.705,0.153,14.85,120,808,26.29,209,5.8,46,120.85,124.53,117.06,180.85,185.86,175.34,1.496,1.518,1.457,13.42,9.27,18.49,2903.8,5255,2140,6.5,7.6,4.4,286.3,313.6,264.6,70.42,5504,78,16.67,234,1404,38
Alex Cejka,24,524,0,2,5093,77,0.009,0.556,60,286.7,64,288,450,66.49,639,961,155,50,106,106,-64,-9,15,59.35,73,123,34,2.33,29,0.302,-0.024,-0.169,0.495,3.47,29,836,26.29,219,4.6,38,107.28,113.77,104.16,160.36,163.06,156.36,1.495,1.519,1.426,13.4,6.96,18.47,2899.2,7586,2107,6.7,7.5,2.7,265.8,288.8,238,70.675,4852,69,15.06,187,1242,47
Alex Noren,17,1033,0,3,4584,63,0.686,28.117,41,299.2,61.96,202,326,60.52,443,732,128,67.72,107,51,-63,-1,4,51.58,49,95,22,2.31,25,0.364,0.208,0.19,-0.034,10.16,64,630,29.03,182,6.1,38,117.78,122.53,113.17,173.28,177.59,168.8,1.471,1.507,1.425,13.32,8.83,17.75,3143.2,6312,2105,6.7,7.9,2.9,280.9,308.1,260.2,69.973,4222,60,15.09,163,1080,36
Andrew Landry,26,1145,1,5,4472,78,-0.051,-3.516,69,291.7,56.14,265,472,63.23,674,1066,118,45.91,118,139,-47,-25,15,42.28,52,123,45,2.15,31,0.016,0.263,-0.061,-0.186,5.97,61,"1,022",26.84,273,5.2,53,110.86,116.06,107.74,166.35,169.23,162.9,1.5,1.519,1.457,13.3,7.88,17.81,2545.6,5012,1456,6.3,7.3,2.2,272.2,296,244.2,71.059,5657,80,16.53,238,1440,31
Andrew Putnam,27,1063,1,5,4554,93,0.023,1.655,73,294.2,60.92,279,458,60.4,717,1187,21,53.36,143,125,-65,-7,10,49.18,60,122,38,3,48,0.413,-0.104,0.357,0.161,5.95,64,"1,076",31.62,338,6,64,113.36,118.91,108.36,167.31,173.17,162.47,1.476,1.512,1.4,13.28,8.51,17.35,2790.5,6625,1461,6.4,7.4,4.4,272.6,296,248,70.579,6239,89,14.17,227,1602,29
Andrew Yun,22,16,0,0,5601,51,-0.6,-20.385,34,290.6,44.01,136,309,53.58,337,629,181,50.4,63,62,-25,12,5,34.33,23,67,37,3.7,30,-1.336,-0.457,-0.447,-0.432,4.83,23,476,37.1,174,8.5,40,110.52,113.5,106.63,165.25,169.18,160.5,1.495,1.519,1.452,13.2,9.61,16.54,2727.1,5204,1859,6.2,8.1,3.6,267.8,292.9,244.9,73.624,3284,45,24.32,197,810,27
Anirban Lahiri,24,566,0,4,5051,82,0.199,13.321,67,294,58.35,304,521,60.09,691,1150,141,57.2,135,101,-64,-7,9,51.46,88,171,55,2.85,42,-0.095,0.07,-0.285,0.12,8.64,81,938,28.76,268,6.7,62,111.86,115.8,108.14,167.32,173.43,161.29,1.495,1.519,1.457,13.15,10.29,17.25,2515.2,5127,1643,6.3,7.8,1.1,275.5,296.4,231.5,70.66,5794,82,16.94,250,1476,31
Austin Cook,28,1094,1,3,4523,103,0.309,27.162,88,292.5,62.22,392,630,66.3,958,1445,107,53.12,179,158,-101,1,24,53.49,92,172,53,2.91,56,0.269,0.115,-0.056,0.21,6.06,78,"1,288",23.65,303,5.6,72,110.96,114.7,107.99,166.22,173.04,160.61,1.498,1.524,1.46,13.15,10.33,17.25,2518.2,3709,1481,6.5,7.7,3.1,273.7,303.3,220.4,70.469,7503,107,15.26,294,1926,27
Beau Hossler,27,1043,0,5,4574,100,0.698,60.061,86,300.1,59.66,349,585,60.1,842,1401,82,56.76,193,147,-103,-10,13,53.18,92,173,41,2.51,47,-0.094,0.267,-0.366,0.004,10.89,137,"1,258",26.52,331,6.3,79,111.47,114.73,105.8,167.31,172.49,156.65,1.5,1.514,1.449,13.02,6.32,17.42,2247.7,5020,1692,6.3,7.8,2.3,283,306.7,234.6,70.574,7302,104,14.69,275,1872,23
Ben Crane,21,267,0,1,5350,65,0.332,15.28,46,281.1,63,235,373,67.52,557,825,136,41.1,67,96,-40,-10,12,66,66,100,20,2.26,24,-0.156,-0.302,-0.038,0.184,1.24,8,644,26.86,173,4,26,107.78,112.92,103.62,160.75,165.69,155.14,1.491,1.514,1.413,12.95,10.57,16,2514.5,6742,1455,6.2,7.2,4.3,260.7,289.3,239,71.097,4164,59,15.07,160,1062,42
Ben Martin,20,266,0,1,5351,64,0.118,6.716,57,289.6,58.8,244,415,63.52,566,891,152,56.81,121,92,-56,-3,13,57.69,75,130,34,2.34,27,-0.119,-0.142,0.119,-0.096,3.65,29,794,24.56,194,8.5,67,112.2,118.18,106.11,165.61,169.8,156.44,1.476,1.517,1.42,12.91,8.56,18.35,2828.8,5574,2197,6.4,7.3,3.6,269.6,288.1,242,70.974,4533,64,16.75,193,1152,31
Ben Silverman,28,323,0,2,5294,90,0.238,18.079,76,290.2,57.36,304,530,65.56,769,1173,134,47.46,131,145,-62,-19,25,44.67,67,150,61,2.45,37,-0.444,0.069,-0.385,-0.128,5.65,60,"1,062",27.44,290,4.3,45,110.66,115.53,106.93,166.43,174.41,160.23,1.504,1.519,1.477,12.75,8.81,16.74,2784.8,9640,1592,6.3,7.7,2.3,270.3,294.4,235.6,71.281,5956,84,16.87,255,1512,30
Bill Haas,25,262,0,1,5355,76,-0.131,-8.151,62,296.3,61.38,267,435,56.35,550,976,120,52.47,117,106,-67,0,12,55.75,63,113,23,2.18,29,0.142,-0.174,-0.025,0.341,6.94,60,864,32.94,282,7.7,66,115.39,120.63,111.17,169.91,173.54,164.13,1.472,1.517,1.423,12.71,8.76,16.03,2699,3568,2032,6.6,7.6,3.6,281.8,304.1,250.3,71.028,5244,74,15.84,211,1332,36
Billy Horschel,25,1610,1,4,4007,78,0.331,22.868,69,296.1,57.84,225,389,67.6,701,1037,10,59.18,158,109,-102,-21,7,50,55,110,38,2.56,36,0.649,0.559,0.278,-0.189,9.57,98,"1,024",23.73,243,5.4,55,114.32,119.66,108.82,169.92,179.17,164.37,1.486,1.519,1.438,12.7,8.89,17.38,2645.4,5425,1993,6.6,8.1,4,279.8,321.5,243,70.258,5449,78,14.03,197,1404,31
Billy Hurley III,27,73,0,0,5544,70,0.025,1.414,57,284,54.93,234,426,59.24,529,893,171,39.9,81,122,-45,-11,10,48.96,47,96,35,2.95,34,-0.727,-0.696,-0.17,0.139,3.14,25,796,30.54,241,5.4,43,109.3,115.9,105.21,161.67,166.3,157.59,1.479,1.511,1.416,12.65,7.14,15.39,2725.4,5880,1789,6.1,7.2,3.9,263.9,283.7,230,71.715,4565,64,19.18,221,1152,36
Blayne Barber,22,202,0,0,5415,69,-0.022,-1.323,60,294.7,57.46,208,362,64.67,604,934,22,53.66,110,95,-69,-2,6,52.73,58,110,38,3.23,39,-0.019,0.101,-0.047,-0.073,7.66,64,836,26.23,218,4.7,39,111.16,115.14,107.46,166.91,172.62,160.57,1.501,1.516,1.484,12.62,9.01,16.73,2639.8,5422,1766,6.3,7.5,3.5,277.2,302.9,254.9,70.835,4699,67,15.67,189,1206,28
Branden Grace,18,634,0,2,4983,67,0.283,11.334,40,299.1,58.55,202,345,63.44,531,837,62,63.06,99,58,-60,-4,6,47.71,52,109,31,3.13,36,0.471,0.155,0.182,0.134,14.57,81,556,29.95,165,5.8,32,115.23,118.33,111.34,173.69,177.7,168.68,1.507,1.518,1.492,12.62,9.43,16.84,2664.6,4593,1954,5.9,7.2,3.3,278.4,298.9,256,70.412,4515,64,16.41,189,1152,30
Brandon Harkins,30,545,0,3,5072,101,0.225,19.146,85,303.1,55.88,328,587,54.79,727,1327,114,62.06,193,118,-113,2,10,53.42,86,161,53,3.1,53,0.05,0.181,-0.006,-0.124,15.99,190,"1,188",32.71,386,7.1,84,116.76,121.96,113,175.21,179.21,170.52,1.5,1.526,1.444,12.61,8.64,16.53,2801.2,5588,1778,6.6,7.9,2.7,290,311.5,264.2,70.721,6688,95,17.6,301,1710,32
Brandt Snedeker,24,1174,1,4,4443,80,0.499,32.916,66,293.5,61.82,285,461,62.25,643,1033,121,49.11,110,114,-58,-19,14,57.48,73,127,35,2.03,30,0.352,-0.079,0.074,0.357,6.05,59,976,25.9,251,7.5,73,111.12,116.29,107.65,165.37,171.38,160.44,1.488,1.515,1.432,12.6,7.53,16.34,2584.6,4138,1923,6.3,7.7,3.8,270.9,292.1,245.6,70.379,5753,82,15.51,229,1476,37
Brendan Steele,21,998,1,3,4619,70,-0.481,-22.13,46,311.4,53.13,170,320,59.47,496,834,24,68.53,135,62,-68,0,6,47.78,43,90,29,3.07,37,0.751,0.684,0.306,-0.239,23.44,165,704,30.7,214,5.6,39,116.88,121.73,113.69,174.55,179.93,170.31,1.493,1.522,1.455,12.54,9.88,16.73,2521.7,3437,1934,6.4,7.5,4.5,285.8,317.3,251.9,71.021,4754,67,17.74,214,1206,35
Brett Stegmaier,21,149,0,0,5468,67,0.401,18.83,47,295.4,56.44,184,326,58.38,498,853,14,52.94,90,80,-48,-16,8,48.28,28,58,20,3.01,33,-0.353,-0.135,0.078,-0.296,8.51,56,658,33.59,219,4.3,28,110.85,112.97,107.79,166.03,171.26,153.02,1.497,1.519,1.38,12.54,6.79,15.71,2219.9,3524,1522,6.1,7.3,2,279.5,309.6,239.5,71.191,4301,61,15.76,173,1098,35
Brian Gay,29,910,0,6,4707,99,0.48,40.29,84,282.8,63.93,381,596,70.36,914,1299,147,37.79,113,186,-71,-36,15,51.88,69,133,50,2.2,40,0.103,-0.136,-0.019,0.257,2.28,28,"1,230",21.84,268,5.1,63,105.76,109.25,102.15,157.17,160.26,153.51,1.486,1.512,1.442,12.47,9.21,15.5,2339.9,5462,1606,6.4,7.5,3.6,261.5,289.6,236,70.28,7062,101,14.96,272,1818,46
Brian Harman,24,1116,0,8,4501,90,0.536,34.332,64,292.6,57.96,273,471,66.2,764,1154,60,53.71,123,106,-69,-13,9,48.87,65,133,37,3.33,54,0.038,0.17,-0.029,-0.103,10.15,97,956,24.58,234,6.5,62,109.93,116.41,107.31,164.02,167.14,160.94,1.492,1.516,1.424,12.44,7.43,16.78,2509.7,6055,1942,6.3,7.4,3.3,271.1,294,246.1,70.536,6341,90,16.85,273,1620,31
Brian Stuard,32,654,0,3,4963,103,0.148,12.717,86,278.4,59.53,331,556,71.21,945,1327,83,29.41,95,228,-49,-34,9,47.62,70,147,65,1.95,34,-0.085,-0.236,0.128,0.022,1.5,18,"1,202",22.02,264,4.5,54,105.86,109.16,102.16,158.74,163.1,151.34,1.499,1.518,1.43,12.41,9.35,17.16,2649.6,4117,1887,6.3,7.6,2.7,260.1,289.2,231.9,71.038,6855,97,15.18,265,1746,35
Brice Garnett,29,853,1,2,4764,95,-0.096,-7.371,77,296.7,58.26,321,551,64.3,816,1269,101,50.89,143,138,-79,-4,11,41.61,57,137,51,2.87,49,-0.224,0.197,-0.103,-0.318,7.08,80,"1,130",28.39,320,5.5,62,112.2,116.11,108.74,168.59,172.22,164.09,1.502,1.519,1.463,12.4,9.94,16.87,2520.8,5731,1587,6.1,7.3,2.6,277,301.8,238.5,71.018,6716,95,16.2,277,1710,35
Bronson Burgoon,24,718,0,2,4899,69,0.107,6.123,57,302.8,55.61,218,392,64.53,624,967,50,66.01,134,69,-81,-2,11,45.95,51,111,32,2.9,36,0.373,0.309,0.371,-0.307,12.78,102,798,26.32,209,5.7,45,113.33,117.32,109.58,170.27,175.36,165.15,1.502,1.516,1.443,12.38,8.56,15.91,2390.6,4025,1745,6.5,7.5,2.6,283.3,305.8,246.3,70.701,4845,69,16.18,201,1242,31
Brooks Koepka,15,2551,2,6,3066,56,-0.004,-0.183,42,313.4,64.69,185,286,57.2,405,708,56,73.38,113,41,-60,-2,8,52.56,41,78,16,3.54,37,1.226,0.767,0.228,0.23,31.64,205,648,32.4,209,4.5,29,122.08,126.98,116.64,180.62,184.04,173.69,1.479,1.512,1.421,12.37,5.32,18.02,2714.4,6204,2071,6.4,8,1.4,297,318.3,269.1,69.31,4018,58,13.89,145,1044,28
Bryson DeChambeau,24,5617,3,9,,85,0.326,21.533,66,306.4,61.68,272,441,61.23,698,1140,26,66.79,175,87,-115,-1,11,48.09,63,131,39,3.5,56,1.385,0.579,0.654,0.151,19.33,190,983,26.47,257,4.3,42,117.67,123.93,112.41,175.43,183.89,167.13,1.491,1.515,1.435,12.31,8.36,16.28,2593.9,4810,1631,6.5,7.7,3.4,293.3,326.7,251.3,69.624,6194,89,14.73,236,1602,24
Bubba Watson,22,2277,3,6,3340,82,-0.033,-1.924,58,313.6,57.18,219,383,58.43,565,967,34,71.43,155,62,-99,-8,11,47.01,55,117,34,2.44,33,0.82,0.861,0.092,-0.133,31.22,271,868,30.92,265,6.7,57,121.22,125.56,118.02,181.33,185.26,176.88,1.496,1.52,1.431,12.3,9.84,15.32,2864.5,5924,1773,6.6,8.5,1,294.4,323.2,259.5,70.25,5246,75,15.33,207,1350,39
Bud Cauley,17,405,0,2,5212,55,0.367,15.055,41,295.4,60.12,205,341,60.81,450,740,149,53.01,88,78,-40,-16,10,54.37,56,103,29,2.94,28,0.094,-0.113,-0.032,0.239,8.04,46,572,28.7,163,7.6,43,112.3,114.57,109.83,168.39,171.89,163.48,1.499,1.516,1.462,12.28,8.45,15.96,2552.7,4894,1790,6.6,7.7,3.6,282.8,304.5,250.1,71.356,3775,53,17.09,163,954,25
Byeong Hun An,23,1061,0,4,4556,82,-0.177,-11.512,65,308.6,63.16,276,437,59.29,632,1066,62,64.44,154,85,-92,2,14,51.24,62,121,34,2.78,42,1.188,0.477,0.508,0.202,20.54,198,964,29.41,280,5.6,53,117.2,121.92,113.89,176.22,179.75,171.58,1.503,1.517,1.465,12.26,10.05,14.67,2481.9,4565,1888,6.9,8.1,3.4,292.2,319.6,261.3,70.19,5902,84,14.95,226,1512,28
C.T. Pan,29,1170,0,2,4447,100,-0.059,-4.618,78,292.6,56.62,278,491,68.57,901,1314,5,57.93,157,114,-81,-19,17,40.15,55,137,52,2.66,47,0.58,0.228,0.287,0.065,6.72,77,"1,146",22.74,259,5.2,59,111.32,114.63,108.14,167.46,172.38,163.4,1.504,1.516,1.462,12.26,9.09,15.51,2697.3,4315,1496,6.6,8.1,2.8,276.6,302.1,241.3,70.457,6866,98,14.74,260,1764,26
Cameron Percy,16,191,0,2,5426,56,-0.205,-8.392,41,295.6,57.3,157,274,63.66,445,699,30,56.52,78,60,-52,-10,8,54.79,40,73,24,2.44,22,0.49,0.241,0.039,0.21,10.1,58,574,30.49,175,5.4,31,111.11,114.44,107.3,166.61,171.31,159.21,1.499,1.511,1.456,12.25,9.27,15.91,2216.1,6179,1443,6.2,7.1,3.3,276.1,308,253.2,70.909,3503,50,14.89,134,900,44
Cameron Smith,22,2231,0,7,3386,77,0.317,16.169,51,298.8,62.47,278,445,57.01,545,956,160,58.76,114,80,-65,-16,10,57.04,81,142,33,1.73,23,0.198,-0.028,-0.01,0.236,11.95,92,770,32.5,247,6.2,47,113.33,118.83,109.29,169.79,174.09,164.78,1.498,1.514,1.457,12.24,8.69,16.29,2520.8,4190,1444,6.7,7.6,4.8,281.3,306.8,247.5,70.525,5213,74,15.62,208,1332,25
Cameron Tringale,26,88,0,0,5529,67,-0.104,-5.292,51,289.3,55.24,216,391,51.99,458,881,117,44.04,85,108,-49,1,3,52.81,47,89,32,3.79,43,-0.915,-1.351,0.348,0.088,7.28,52,714,33.33,231,7.5,52,111.19,117.1,106.97,164.74,172.26,157.44,1.482,1.512,1.416,12.21,7.62,14.92,2563.8,3848,1752,6.3,7.8,1.5,278.3,301.3,252.2,72.146,4525,63,18.52,210,1134,33
Chad Campbell,28,361,0,2,5256,87,-0.454,-30.441,67,286.5,59.39,291,490,64.7,713,1102,116,41.53,98,138,-48,-16,6,50,71,142,57,4.22,60,-0.029,-0.042,-0.01,0.023,4.07,38,934,28.53,265,6.5,60,109.5,114.26,104.77,163.67,170.42,157.86,1.494,1.513,1.427,12.2,6.92,15.61,2606.5,4803,1588,5.8,7.5,3.2,267.2,289,237.6,71.683,5632,79,17.65,251,1422,38
Charl Schwartzel,20,528,0,3,5089,65,0.048,1.932,40,299.5,58.4,226,387,54.86,429,782,183,62.5,95,57,-46,2,4,48.87,65,133,42,2.97,31,-0.205,-0.075,-0.092,-0.038,15.83,88,556,32.36,177,7.5,41,118.79,122.29,115.56,175.55,179.35,168.95,1.478,1.512,1.435,12.18,7.49,16.77,2849.8,5006,2064,6.1,8,4.3,287.4,311.9,267.7,71.349,4160,58,18.87,197,1044,34
Charles Howell III,27,905,0,4,4712,100,0.109,7.604,70,300.8,61.84,316,511,62.36,802,1286,35,55.34,140,113,-71,-21,8,56.49,87,154,34,2.33,42,0.668,0.355,0.209,0.103,12.02,124,"1,032",27.89,287,6.1,63,118.01,121.08,114.16,174.85,177.74,170.42,1.481,1.509,1.439,12.18,5.69,16.52,2748.6,8332,1887,6.2,7.8,4.1,279.8,303.5,248,70.219,7011,100,14,252,1800,39
Charley Hoffman,25,689,0,0,4928,87,0.06,3.858,64,299.1,56.83,258,454,57.18,609,1065,98,63.45,158,91,-75,-4,10,45.19,61,135,56,2.57,37,0.288,0.231,0.202,-0.145,14.09,126,894,30.53,272,7.5,67,115.76,119.71,112.27,172.4,176.74,165.22,1.489,1.518,1.44,12.18,7.3,16.2,2888.6,5682,1929,6.5,8.2,4.7,282.4,313.6,252.8,70.521,5651,80,16.81,242,1440,41
Chesson Hadley,29,1144,0,7,4473,99,0.271,22.518,83,300.1,56.69,301,531,59.42,773,1301,55,52.98,169,150,-103,-22,17,47.22,68,144,52,2.36,42,0.751,0.148,0.701,-0.099,10.86,132,"1,216",29.07,350,5.8,70,114.26,118.54,109.79,171.81,175.45,165.45,1.503,1.517,1.449,12.16,4.57,16.45,2414.2,5958,1659,6.3,7.5,4.1,283.2,309.1,244.2,70.311,6941,99,15.99,285,1782,31
Chez Reavie,27,1184,0,3,4433,89,0.195,10.551,54,287.3,62.61,283,452,71.67,802,1119,47,48.02,97,105,-55,-3,11,42.34,58,137,59,2.84,44,0.561,0.236,0.483,-0.158,4.2,34,810,21.14,171,5.3,43,108.83,114.36,105.1,160.99,163.25,157.99,1.479,1.516,1.412,12.15,7.24,18.62,2500,4870,1821,6.1,7,4.1,266.9,289.1,240.1,70.432,6036,86,14.34,222,1548,36
Chris Kirk,28,834,0,4,4783,104,0.112,10.284,92,290.2,63.34,375,592,64.02,911,1423,76,49.4,166,170,-97,-33,20,53.8,99,184,37,2.52,48,0.679,-0.041,0.529,0.19,4.78,64,"1,340",27.02,361,6,80,112.01,117.17,107.49,165.84,170.68,159.03,1.48,1.514,1.377,12.12,6.92,16.94,2570.5,5103,1512,6.1,7.5,3.5,270.7,296.8,246.1,70.411,7411,106,13.78,263,1908,34
Chris Stroud,27,255,0,1,5362,81,0.053,3.098,58,289.8,59.96,292,487,62.24,638,1025,173,62.21,135,82,-63,8,11,53.42,78,146,47,2.89,38,-0.391,-0.277,-0.056,-0.058,7.97,65,816,28.47,230,6.4,52,111.96,116.58,106.59,166.06,173.09,159.47,1.483,1.517,1.422,12.1,9.55,14.76,2773.5,6046,1879,6.2,7.5,2.9,271.9,298,232.3,71.628,5195,73,17.2,226,1314,32
Cody Gribble,25,141,0,0,5476,71,0.201,10.838,54,301,53.3,234,439,55.45,504,909,177,63.27,124,72,-64,12,10,48.72,57,117,47,2.74,32,-1.02,-0.212,-0.696,-0.111,9.39,71,756,33.29,249,6.6,49,112.31,116.94,108.2,168.33,173.02,162.85,1.499,1.519,1.445,12.1,8.88,14.9,2127.3,4271,1536,6.5,7.6,3.3,285.3,317.7,251.4,72.112,4667,65,19.57,229,1170,27
Conrad Shindler,20,92,0,0,5525,60,-0.167,-7.33,44,291.3,60,204,340,65.77,515,783,103,54.79,80,66,-54,-1,10,48.15,39,81,32,2.98,30,-0.146,0.114,-0.008,-0.252,5.52,34,616,26.63,163,5.1,31,119.01,124.46,112.63,169.76,174.05,163.2,1.427,1.512,1.353,12.09,8.59,16.38,3346.1,9377,2274,6.4,7.2,4.3,273.4,292.8,247.3,71.465,3952,56,15.97,161,1008,30
Corey Conners,28,353,0,1,5264,97,-0.385,-30.431,79,303.3,57.52,287,499,62.99,817,1297,17,56.52,156,120,-77,-23,12,44.27,58,131,46,3.88,65,0.579,0.501,0.275,-0.198,13.07,144,"1,102",28.14,309,5.5,60,114.6,117.65,110.43,172.06,176.28,162.36,1.501,1.518,1.452,12.08,8.89,14.28,2942.9,9557,1425,6.4,7.6,4,281.5,316.4,250.2,70.743,6543,93,16.07,269,1674,26
D.A. Points,25,162,0,1,5455,63,0.11,5.274,48,280.8,53.32,233,437,60.47,517,855,191,43.48,80,104,-46,11,5,57.66,64,111,45,3.19,35,-1.559,-1.069,-0.541,0.051,5.19,35,674,29.49,197,5.5,37,107.93,112.31,103.48,160.2,165.8,152.6,1.484,1.518,1.437,12.06,7.82,15.77,2578,3475,1701,6.4,7.5,5,262.1,285.3,237.8,73.019,4414,61,21.22,233,1098,41
Daniel Berger,23,839,0,1,4778,81,0.18,10.445,58,298,59.48,251,422,64,649,1014,85,63.96,142,80,-77,-4,9,48.74,58,119,41,2.56,35,0.493,0.149,0.509,-0.166,14.09,115,816,27,219,4.8,39,115.21,120.03,111.57,170.18,173.91,164.48,1.477,1.507,1.425,12.03,7.1,17.23,2590.2,5925,1582,6.4,8,4.2,277.1,303.5,233.9,70.32,5353,76,16.01,219,1368,25
Daniel Summerhays,19,89,0,1,5528,51,0.736,27.96,38,287.1,54.86,192,350,54.69,344,629,194,50,74,74,-36,-3,10,52.44,43,82,38,1.48,12,-2.84,-0.977,-1.586,-0.277,3.76,20,532,37.79,198,5,26,109.15,113.06,105.63,162.06,165.49,156.05,1.484,1.51,1.451,12.02,5.62,15.35,2547.8,5154,1539,5.5,7.3,2.4,260.6,284.4,200.5,73.177,3261,45,20.86,169,810,34
Danny Lee,30,587,0,3,5030,88,0.156,10.927,70,290.6,60.81,329,541,62.65,753,1202,131,60.08,155,103,-71,2,17,55.62,99,178,41,2.84,44,-0.099,0.005,-0.155,0.051,6.54,64,978,26.93,261,6.1,59,110.92,117.07,106.17,165.68,172.5,159.65,1.493,1.517,1.45,11.99,5.68,15.95,2685.9,5990,1444,6.7,7.8,4.3,276.6,300.5,237.2,71.196,6077,86,16.02,248,1548,28
David Hearn,21,315,0,2,5302,66,-0.127,-6.334,50,285.1,55.65,187,336,66.63,559,839,40,38.2,68,110,-42,-9,6,47.62,40,84,30,3.61,39,0.095,-0.17,0.379,-0.113,3.57,25,700,26.69,186,4.9,34,107.54,111.31,103.92,159.56,163.16,154.57,1.484,1.517,1.417,11.97,8.09,14.85,2906.2,7869,1987,6.6,7.9,2.7,268.4,290.8,237.3,71.325,4238,60,16.57,179,1080,39
David Lingmerth,26,274,0,0,5343,82,0.229,15.774,69,285.4,58.57,304,519,68.93,750,1088,169,48.18,119,128,-58,-11,13,48.41,61,126,51,2.56,36,-0.235,0.006,-0.16,-0.081,3.12,30,962,23.65,227,5.2,50,109.47,114.63,105.63,163.9,168.06,158.88,1.497,1.518,1.425,11.96,5.88,15.11,2928.3,6646,1899,6.3,7.3,2.7,268.8,292.3,226.2,71.043,5511,78,17.17,241,1404,31
Denny McCarthy,22,267,0,1,5350,71,0.449,22.017,49,295.4,59.83,216,361,63.45,559,881,59,60.12,104,69,-58,4,5,46.15,42,91,31,2.38,27,-0.355,0.011,-0.347,-0.019,6.71,46,686,25.26,172,6,41,113.28,117.13,110.27,169.32,172.04,166.1,1.494,1.518,1.438,11.94,7.16,15.77,2641.6,4182,2036,6.4,7.7,0.9,283.7,309.9,252.6,70.861,4432,63,14.73,167,1134,25
Derek Fathauer,28,316,0,1,5301,84,0.363,24.663,68,289.1,54.99,314,571,53.27,595,1117,190,55.14,134,109,-68,8,20,43.62,65,149,68,2.85,41,-1.17,-0.757,-0.365,-0.048,3.37,32,950,33.65,315,7.8,73,110.46,117.81,102.83,165.6,170.53,154.42,1.499,1.518,1.42,11.93,8.12,15.29,2479.8,5132,1900,5.9,7.3,2.5,266.1,290,240.7,71.827,5722,80,19.58,282,1440,27
Dominic Bozzelli,20,190,0,0,5427,65,0.308,18.799,61,297,58.86,269,457,55.69,504,905,185,59.35,127,87,-64,8,17,44.8,56,125,54,2.39,28,-0.363,-0.244,-0.252,0.133,8.35,71,850,30.88,260,6.4,54,114.91,118.48,111.15,171.08,175.83,165.63,1.488,1.518,1.44,11.91,6.32,14.95,2724.3,3742,1655,6.3,7.7,1.5,279.5,304.9,248,71.179,4603,65,18.03,211,1170,26
Dustin Johnson,18,3289,3,11,2328,69,0.503,25.126,50,314.5,63.31,214,338,57.96,506,873,27,68.5,137,63,-94,-7,13,50.63,40,79,21,1.67,21,1.987,1.006,0.824,0.157,33.29,253,760,32,240,4,30,121.6,126.61,118.55,181.43,185.56,176.55,1.492,1.518,1.459,11.89,6.79,15.88,2713.8,8766,1716,6.6,8.1,3.2,299.7,333.6,275.7,68.702,4799,70,12.54,158,1260,34
Emiliano Grillo,24,1252,0,6,4365,90,0.574,38.484,67,294.7,62.55,299,478,69.82,842,1206,36,58.16,139,100,-76,-16,4,56.03,79,141,36,2.66,44,0.755,0.413,0.434,-0.092,7.04,70,994,22.27,220,5.9,58,115,118.48,112.8,169.17,173.37,164.2,1.471,1.503,1.414,11.87,8.55,15.12,2715.5,5367,1531,6.4,7.4,4.4,276.8,297.8,233.5,70.152,6438,92,14.43,239,1656,25
Ethan Tracy,23,157,0,0,5460,72,-0.026,-1.408,54,299,54.88,236,430,60.25,573,951,137,53.5,107,93,-50,-4,14,34.86,38,109,51,3.68,45,-0.786,-0.054,-0.423,-0.309,10.45,79,756,30.53,229,5.7,43,115.99,121.06,112.35,171.76,176.4,165.88,1.481,1.515,1.425,11.86,8.35,14.67,2756.4,3658,1470,6.1,7.7,1.9,276.6,301.5,244.2,72.038,4857,68,18.63,228,1224,28
Fabian Gomez,28,221,0,0,5396,88,0.001,0.056,71,291.1,58.85,286,486,64.99,761,1171,70,51.56,132,124,-72,-7,15,43.2,54,125,53,2.71,41,-0.107,-0.062,-0.015,-0.03,4.34,43,990,27.38,270,5.7,56,112.05,116.37,108.49,165.03,170.2,161.62,1.473,1.514,1.422,11.81,9,14.14,2475.7,5721,1603,6,7.1,1.6,268.5,298.7,239,71.02,5929,84,15.34,232,1512,39
Francesco Molinari,18,1682,2,4,3935,65,-0.486,-21.89,45,301.6,60.13,187,311,63.97,522,816,16,68.79,119,54,-60,-6,6,50,46,92,23,3.03,36,1.674,0.767,0.702,0.205,14.58,100,686,24.01,163,5.7,39,112.82,116.71,109.74,169.12,174.4,164.83,1.499,1.519,1.45,11.75,6.62,15.23,2812,6065,1847,6.6,7.8,3.7,286.2,303.9,264.8,69.746,4613,66,14.9,177,1188,35
Gary Woodland,25,1205,1,3,4412,88,-0.045,-2.586,58,313.2,54.46,226,415,62.69,694,1107,9,77.46,165,48,-104,-2,9,42.77,74,173,56,3.64,57,1.097,0.862,0.53,-0.295,25.75,223,866,28.84,248,4.7,40,122.61,126.5,117.3,180.22,186.55,174.28,1.47,1.522,1.418,11.73,6.78,16.02,2585,3897,1528,6.9,8.2,4.9,294.9,333.8,262,70.197,6113,87,16.6,260,1566,34
Graeme McDowell,20,274,0,1,5343,67,0.489,21.497,44,293.2,60.82,222,365,64.44,511,793,146,56.4,97,75,-49,-10,7,47.32,53,112,34,3.2,34,0.216,0.143,-0.026,0.099,7.19,44,612,28.62,174,4.9,30,111.44,116.76,106.97,164.41,169.66,157.99,1.475,1.516,1.397,11.72,6.68,14.89,2458.3,3835,1476,6.2,7.5,3.8,271,300.9,212.5,71.001,4196,59,16.76,178,1062,39
Grayson Murray,22,438,0,2,5179,72,-0.35,-20.673,59,307.3,54.32,264,486,56,565,1009,176,67.76,166,79,-86,27,10,43.93,76,173,67,4.63,60,0.014,0.375,-0.347,-0.015,24.76,205,828,31.37,256,7.2,59,118.59,125.28,114.1,178.34,183.11,171.96,1.504,1.526,1.452,11.68,5.63,16.12,2560.1,6321,1739,6.4,7.9,1.2,295.2,322.7,253.4,72.091,5176,72,20.37,264,1296,24
Greg Chalmers,20,133,0,1,5484,56,0.79,32.382,41,282.8,52.85,213,403,58.9,427,725,193,40.99,66,95,-26,-10,8,50.44,57,113,50,1.5,14,-2.055,-0.69,-1.192,-0.174,3.15,18,572,26.98,153,7.1,40,108.56,113.43,103.13,160.9,167.37,149.69,1.482,1.519,1.386,11.63,7.82,15.23,2213,3365,1610,6.1,6.9,4.5,259.6,279.1,237.4,72.531,3767,52,21.37,200,936,44
Harold Varner III,27,524,0,3,5093,91,-0.026,-1.846,72,308.2,59,295,500,58.73,713,1214,61,62.55,162,97,-94,-8,13,52,78,150,31,3.18,51,0.209,0.209,-0.052,0.052,19.32,194,"1,004",32.39,322,5.3,53,116.77,122.68,112.25,173.46,179.53,166.22,1.485,1.517,1.437,11.62,7.37,15.84,2311.1,3936,1565,6.6,7.7,3.7,292.9,315.4,268.3,70.971,6303,89,16.48,264,1602,28
Harris English,31,383,0,2,5234,84,0.222,15.063,68,302.4,57.86,298,515,58.99,643,1090,166,64.44,154,85,-80,5,13,44.67,67,150,44,2.35,33,-0.406,-0.219,-0.297,0.111,13.89,132,950,29.21,274,6.7,63,116.77,119.23,112.15,175.75,178.67,167.01,1.505,1.519,1.479,11.61,8.42,14.53,2609.4,3242,1823,6.5,7.4,3.7,288,322.2,254.7,71.162,5522,78,17.45,245,1404,29
Henrik Stenson,15,881,0,5,4736,56,-0.433,-15.604,36,291,60.79,138,227,74.33,501,674,1,71.54,88,35,-51,-1,1,54.39,31,57,17,1.88,19,1.479,0.587,0.975,-0.084,3.76,21,558,16.67,93,6.5,36,115.85,118.51,112.91,174.48,179.58,166.71,1.506,1.518,1.457,11.6,7.02,14.86,2865.8,3527,1400,6.5,7.4,4.9,281.6,300.3,261,69.617,3901,56,12.2,123,1008,42
Hideki Matsuyama,19,1271,0,3,4346,67,0.197,8.86,45,302.5,61.4,210,342,60.87,515,846,51,69.71,122,53,-72,-8,10,55.42,46,83,29,3.19,39,0.927,0.164,0.503,0.26,16.67,115,690,31.42,214,5,34,116.83,119.39,113.54,173.41,178.33,167.55,1.484,1.517,1.451,11.6,7.51,17.04,2629.3,6193,1668,6.6,7.8,3.9,287.6,311.3,264.2,70.089,4753,68,14.46,177,1224,28
Hudson Swafford,22,245,0,0,5372,73,-0.26,-13.534,52,302.8,54.01,202,374,64.57,607,940,38,59.6,118,80,-69,-3,5,51.52,51,99,27,4.39,53,-0.232,0.225,-0.237,-0.221,17.12,125,730,23.62,171,6.2,45,118.29,122.28,113.12,173.93,178,169.51,1.47,1.516,1.392,11.59,8.09,13.3,2674.9,5852,1610,6.5,7.6,3.3,283.2,313.7,250.7,71.619,4760,67,17.83,215,1206,27
Hunter Mahan,21,234,0,1,5383,67,0.346,17.634,51,296.9,58.81,207,352,65.04,573,881,39,56.72,114,87,-55,-10,9,40.95,43,105,43,2.2,25,-0.137,0.465,-0.149,-0.453,8.96,64,714,28.87,205,5.6,40,115.27,117.99,111.85,168.91,172.25,163.65,1.465,1.492,1.432,11.56,9.21,13.63,2762.6,5693,1865,6.5,7.8,4,281.7,299.7,249.8,71.135,4439,63,14.73,167,1134,36
Ian Poulter,19,1061,1,4,4556,69,0.17,7.156,42,293.4,58.56,195,333,65.31,512,784,96,49.68,77,78,-38,-20,8,51.46,53,103,38,2.08,24,0.815,0.193,0.454,0.168,6.7,43,642,25.82,165,6.9,44,111.62,114.32,109.82,167.36,170.28,164.31,1.499,1.515,1.463,11.54,8.25,14.11,2866.6,5667,2053,6.1,6.9,3.8,264.6,285.4,239.8,70.593,4519,64,16.23,187,1152,38
J.B. Holmes,24,668,0,3,4949,77,-0.207,-14.109,68,306.1,57.14,268,469,57.13,597,1045,123,62.89,161,95,-86,-15,13,54.55,84,154,30,3.04,41,0.756,0.565,0.159,0.032,21.41,203,948,30.66,287,6.2,58,120.83,125.99,117.75,178.22,183.34,172.04,1.475,1.515,1.387,11.51,7.92,15.74,2622.5,4059,1642,6.7,8.2,2.2,292.2,320.1,257.7,70.789,5306,75,17.11,231,1350,34
J.J. Henry,28,239,0,1,5378,81,-0.569,-35.859,63,291.8,54.77,218,398,66.22,692,1045,12,44.69,101,125,-57,-8,8,42.22,38,90,37,3.26,44,0.376,0.174,0.34,-0.138,4.56,40,878,25.72,224,6.1,53,112.78,118.51,108.57,167.53,173.05,158.57,1.485,1.515,1.365,11.5,7.04,15.73,2850.3,5632,1497,6.6,7.5,3.9,276.6,303.6,252.5,71.372,5321,75,16,216,1350,39
J.J. Spaun,26,880,0,4,4737,81,-0.167,-11.191,67,298.9,55.79,236,423,65.71,690,1050,44,56.85,137,104,-71,-7,9,44.17,53,120,51,2.95,42,0.529,0.319,0.453,-0.244,9.26,92,994,24.34,241,5.6,55,114.51,120.32,110.39,167.18,173.02,161.21,1.46,1.506,1.404,11.5,7.18,14.79,2467.2,3305,1555,6.4,7.7,3.9,275.6,310.9,245.4,70.525,5537,79,15.96,227,1422,29
J.T. Poston,22,448,0,2,5169,73,0.135,7.706,57,300.7,57.53,233,405,61.53,611,993,52,57.07,117,88,-61,10,6,50,56,112,40,2.27,29,0.003,0.381,-0.373,-0.005,12.16,97,798,30.52,242,6.6,52,115.72,119.11,112.37,171.83,176.45,166.75,1.485,1.515,1.419,11.48,7.93,14.82,2581.3,4764,1945,6.1,7.5,2.2,282.8,310.1,245.8,70.915,4999,71,15.49,198,1278,31
James Hahn,26,666,0,1,4951,85,-0.152,-10.517,69,298.7,59.62,279,468,63.73,731,1147,54,57.48,146,108,-96,0,10,48.48,64,132,41,3.05,45,0.431,0.323,0.081,0.028,9.32,90,966,25.03,240,6.5,62,114.28,118.54,110.49,167.88,173,159.56,1.469,1.509,1.4,11.46,6.41,16.26,2343.9,4404,1486,6.7,8,3.6,281.7,312.1,249.6,70.896,5779,82,15.51,229,1476,32
Jamie Lovemark,26,664,0,3,4953,92,0.01,0.81,78,303.2,61.07,342,560,56.92,699,1228,143,62.76,182,108,-101,-5,18,53.33,96,180,43,2.71,43,0.378,-0.101,-0.04,0.519,12.32,134,"1,088",32.71,352,7,75,116.14,120.96,112.39,172.07,176.66,166.1,1.481,1.517,1.425,11.46,6.13,17.98,2525.1,4610,1539,6.4,7.6,3.3,281.6,314.2,248.1,70.734,6201,88,15.97,253,1584,29
Jason Day,18,1935,2,5,3682,67,0.862,33.632,39,310.7,64.46,234,363,59.02,481,815,124,54.79,80,66,-53,-11,10,64.17,77,120,24,1.91,22,0.725,0.229,-0.133,0.629,21.1,127,602,30.55,183,8,48,117.31,120.64,114.28,176.44,181.14,170.95,1.504,1.518,1.451,11.43,7.84,15.69,2131,2819,1490,6.4,7.8,2.5,294.8,327.9,259,69.586,4461,64,14.58,168,1152,30
Jason Dufner,22,557,0,2,5060,71,-0.031,-1.467,48,296.9,59.16,226,382,61.94,524,846,144,55.21,106,86,-55,-4,6,51.55,50,97,26,3.91,45,-0.074,0.259,-0.126,-0.207,13.2,89,674,26.16,175,6.3,42,112.4,117.43,108.51,169.16,173.98,163.24,1.504,1.517,1.468,11.4,5.8,14.97,2587.9,4925,1526,6.3,7.5,4.9,276.2,316.4,234.2,71.323,4564,64,17.71,204,1152,41
Jason Kokrak,28,881,0,4,4736,95,0.009,0.748,84,309.7,54.95,283,515,57.8,767,1327,23,69.52,219,96,-125,11,12,40.13,63,157,60,2.97,53,0.513,0.359,0.268,-0.113,20.03,246,"1,228",31.83,387,5.8,71,118.14,124.44,113.77,177.41,182.91,171.37,1.501,1.527,1.447,11.39,6.97,14.3,2559.8,5431,1529,6.7,7.7,3.8,293.7,322.5,248,70.444,6927,99,15.49,276,1782,33
Jhonattan Vegas,27,598,0,1,5019,92,-0.136,-8.136,60,303.1,59.09,312,528,57.19,684,1196,119,66.95,158,78,-77,-3,15,40.37,65,161,74,3.5,56,0.108,0.311,-0.078,-0.124,18.96,160,844,31.73,264,7.1,59,121.87,127.85,117.6,181.35,186,177.34,1.488,1.519,1.424,11.37,8.16,14.14,3013.8,6041,1485,6.2,7.9,1,289.2,320.5,255,71.275,6339,89,17.42,279,1602,35
Jim Furyk,15,291,0,2,5326,50,0.327,13.72,42,280.5,64.54,182,282,69.77,427,612,148,28.36,38,96,-22,-23,7,45.33,34,75,35,2.31,20,0.087,-0.277,0.111,0.253,1.37,8,584,25.17,147,4.3,25,105.27,109.25,102.44,157.36,161.32,153.12,1.495,1.518,1.445,11.34,7.21,14.59,2625.8,4711,2074,6,6.9,4.4,249.8,271.6,226,70.342,3388,48,16.09,139,864,48
Jimmy Walker,23,741,0,4,4876,81,0.384,23.797,62,298.5,59.96,295,492,52.89,539,1019,175,52.42,119,108,-64,6,20,53.57,75,140,42,1.88,26,-0.013,-0.467,0.273,0.181,11.46,99,864,34.05,285,6,50,115.6,118.26,111.77,173.97,178.35,167.74,1.504,1.519,1.469,11.3,6.71,15.18,2360.1,4911,1794,6.3,7.7,0.6,281.5,312.2,249.8,70.786,5456,77,17.24,239,1386,39
Joel Dahmen,28,676,0,3,4941,93,-0.277,-19.675,71,295.8,63.31,302,477,66.36,789,1189,41,60.39,154,101,-80,-2,14,51.85,70,135,31,3.59,55,0.677,0.3,0.382,-0.004,8.45,84,994,24.97,247,6.2,61,112.78,116.21,109.16,167.94,172.91,161.82,1.489,1.519,1.43,11.28,7.67,15.45,2704.3,4665,2006,6.7,7.9,2.8,278.1,300.8,245.9,70.578,5953,85,14.18,217,1530,32
John Huh,29,480,0,2,5137,94,0.167,13.73,82,287.1,57.94,321,554,63.83,803,1258,113,51.88,152,141,-78,-7,19,47.06,72,153,62,2.47,40,0.083,-0.11,0.24,-0.047,3.84,44,"1,146",27.42,314,5.4,62,109.36,114.62,105.63,162.77,167.08,154.81,1.488,1.516,1.421,11.28,7.72,14.37,2197.1,4659,1501,6,7.3,2.4,266.1,289.4,239.8,70.718,6329,90,16.36,265,1620,35
Johnson Wagner,21,338,0,0,5279,75,0.623,34.286,55,286.1,65.41,261,399,64.25,620,965,69,41.55,86,121,-57,-23,8,52.75,48,91,16,2.01,25,0.092,-0.213,0.078,0.226,5.19,40,770,27.15,208,5.6,43,108.61,112.88,105.55,161.36,165.31,155.93,1.486,1.518,1.398,11.27,6.76,15.32,2421,3431,1576,6.3,7.5,4.2,264.9,285.5,230.1,70.758,4826,69,12.8,159,1242,34
Jon Rahm,18,1474,1,5,4143,63,-0.121,-4.947,41,310.5,59.18,174,294,59.06,466,789,8,74.55,123,42,-66,4,9,45.98,40,87,22,3.32,37,1.224,0.872,0.15,0.203,31.7,201,634,28.57,178,6.6,41,118.5,123.14,115.38,177.19,182.39,171.77,1.495,1.519,1.449,11.26,7.7,16.45,2396.1,3644,1595,6.7,7.8,5,298.3,332.4,263,69.995,4321,62,15.77,176,1116,23
Jonas Blixt,23,167,0,0,5450,67,0.244,11.722,48,293.1,56.83,237,417,60.3,518,859,180,55.26,105,85,-53,-4,8,52.13,49,94,26,2.82,31,-0.791,-0.424,-0.563,0.196,8.28,56,676,30.65,206,5.1,34,110.49,116.34,106.77,165.21,172.28,157.24,1.495,1.519,1.424,11.24,8.2,15.1,2496.8,3132,1992,6.4,7.6,4,276.2,302.2,237.6,72.134,4383,61,18.94,208,1098,30
Jonathan Byrd,24,147,0,0,5470,70,-0.106,-5.087,48,291.7,58.31,207,355,58.59,508,867,58,57.89,99,72,-59,-3,8,57.65,49,85,21,3.14,35,-0.16,-0.542,0.043,0.339,4.76,32,672,28.87,192,7.5,50,111.51,115.61,107.89,166.28,170,161.16,1.491,1.516,1.435,11.23,5.67,14.92,2646.5,4639,1622,6.4,7.9,4.5,276.2,302.8,241.1,71.398,4382,62,15.77,176,1116,38
Jonathan Randolph,25,166,0,1,5451,71,0.115,6.907,60,289.4,59.83,277,463,62.18,564,907,188,49.29,104,107,-47,-10,12,54.03,67,124,44,3.16,37,-0.992,-0.271,-0.538,-0.182,5.13,43,838,27.49,229,6.7,56,111.45,115.51,108.79,162.51,166.87,155.14,1.458,1.497,1.412,11.19,7.74,14.09,2650.9,5193,1900,6,7.4,3.9,263,284.7,235.7,71.945,4652,65,18.55,217,1170,34
Jordan Spieth,22,1299,0,5,4318,77,-0.031,-1.84,60,299.9,63.2,237,375,61.02,601,985,15,64.53,151,83,-89,-5,8,53.27,57,107,24,3.07,42,1.016,0.304,0.445,0.267,15.48,139,898,28.22,250,6,53,113.44,116.33,110.53,170.46,175.59,164.44,1.502,1.518,1.478,11.16,7.46,15.48,2335.6,3559,1569,6.3,8.5,3.8,279.6,312.2,245.7,69.904,5284,76,13.89,190,1368,25
Justin Rose,16,3191,2,9,2426,62,0.512,20.974,41,303.1,63.64,189,297,64.42,487,756,31,64.42,105,58,-72,-9,5,58.82,60,102,19,2.33,26,1.363,0.592,0.414,0.357,16.77,105,626,23.84,149,6.2,39,116.99,122.61,112.31,172.33,179.44,166.94,1.473,1.515,1.406,11.14,7.64,16.04,2416,3179,1632,6.4,7.7,3.6,291.2,316.4,266.1,69,4282,62,12.81,143,1116,38
Justin Thomas,21,3084,3,9,2533,83,0.297,16.658,56,312.9,63.14,245,388,58.01,572,986,32,69.55,153,67,-105,-9,10,53.45,62,116,22,2.49,35,1.653,0.471,0.967,0.215,25.83,218,844,31.06,259,7.4,62,117.21,120.2,114.34,176.02,179.82,169.28,1.501,1.519,1.425,11.11,9.08,13.45,2405.5,4658,1402,6.3,7.6,4,286.2,317.6,230.2,69.117,5388,78,13.96,196,1404,25
Keegan Bradley,25,979,0,4,4638,90,-0.493,-34.538,70,300.3,58.15,264,454,68.16,792,1162,29,65.66,174,91,-97,-5,10,45.33,68,150,52,2.75,44,1.384,0.288,0.99,0.107,8.72,90,"1,032",22.61,232,5.6,57,114.35,118.53,111.63,171.21,174.45,166.67,1.497,1.517,1.424,11.1,7.07,14.39,2598.6,4931,1708,6.9,8.5,1.7,283.2,307.4,254.1,70.254,6241,89,15.54,249,1602,32
Keith Mitchell,28,839,0,4,4778,95,-0.509,-40.194,79,312.9,56.48,292,517,58.19,757,1301,36,71.72,208,82,-123,-9,18,49.28,68,138,38,4.18,73,0.534,0.742,-0.118,-0.09,24.96,290,"1,162",29.78,344,6.8,79,124.67,129.08,118.42,181.57,187.5,176.57,1.456,1.51,1.379,11.07,7.78,13.72,2757.8,6329,1541,6.5,7.9,3.2,295.7,322.3,262.9,70.92,6819,97,16.44,287,1746,34
Kelly Kraft,31,627,0,3,4990,94,0.075,5.534,74,288.6,58.93,353,599,65.84,846,1285,154,46.3,119,138,-49,-12,14,44.94,71,158,70,2.9,48,-0.395,-0.286,0.017,-0.126,3.97,41,"1,032",25.49,262,5.4,56,108.58,113.72,105.57,163.12,168.08,158.67,1.502,1.517,1.477,11.07,6.69,16.19,2705.7,7032,1811,6.4,7.5,5,267.3,293,242.5,71.333,6547,92,17.21,285,1656,26
Kevin Chappell,23,667,0,4,4950,77,-0.406,-23.544,58,308.8,58.5,241,412,61.09,603,987,88,64.96,152,82,-87,-10,8,44.55,49,110,40,4.28,57,0.828,0.628,0.391,-0.191,24.88,203,816,28.47,230,6.1,49,119.25,124.59,116.06,177.04,180.07,170.99,1.485,1.517,1.405,11.06,7.63,14.42,2654.9,5218,1506,6.7,8,1,291.9,324,259.1,70.839,5243,74,17.87,238,1332,31
Kevin Kisner,24,1111,0,4,4506,85,0.564,33.27,59,291.1,60.98,275,451,65.81,668,1015,126,46.73,100,114,-64,-12,12,44.83,52,116,42,1.5,21,-0.381,-0.005,-0.306,-0.069,6.88,61,886,24.4,215,5.4,48,112.5,116.25,107.68,164.87,170.15,159.36,1.465,1.516,1.403,11.06,7.41,14.9,2869.2,4202,2113,6.4,7.7,4.6,269.1,301.9,230.9,70.729,5491,78,15.24,214,1404,34
Kevin Na,24,1387,1,4,4230,83,0.44,27.291,62,290.3,64.52,320,496,64.2,703,1095,142,49.77,109,110,-70,-11,11,62.22,84,135,25,2.44,36,0.431,-0.341,0.373,0.4,5.41,50,924,25.76,237,6.3,58,113.63,120.73,108.39,166.17,172.67,158.07,1.462,1.507,1.42,11.04,6.36,15.46,2909.3,5810,1542,6.2,7.2,4.8,267.9,298.6,234.3,70.247,5728,82,14.57,215,1476,35
Kevin Streelman,27,724,0,5,4893,94,-0.25,-20.478,82,295.1,60.93,287,471,69.11,888,1285,3,55.97,178,140,-94,-13,18,47.24,77,163,52,2.17,36,0.868,0.439,0.415,0.014,6.02,69,"1,146",23.01,263,5,57,114.53,117.66,111.35,169.2,172.48,159.19,1.477,1.509,1.429,11.04,8.01,14.43,2517.9,3302,1784,6.4,7.2,3.5,279.9,313.5,248.8,70.436,6449,92,12.92,214,1656,38
Kevin Tway,31,643,0,3,4974,110,0.052,4.721,90,310.1,56.77,352,620,52.61,765,1454,97,67.56,227,109,-128,-8,15,49.44,89,180,46,2.4,45,0.277,0.271,0.032,-0.026,24.4,307,"1,258",34.41,428,6.8,85,122.13,129.02,117.89,181.25,184.78,174.97,1.484,1.519,1.411,11.01,5.86,16.81,3026.3,6437,2159,6.1,7.6,2,289.5,316.7,260,70.8,7323,104,16.29,305,1872,33
Kiradech Aphibarnrat,24,746,0,2,4896,51,0.031,0.943,30,294.6,57.34,164,286,63.34,375,592,179,66.35,69,35,-37,0,10,47.13,41,87,34,2.78,23,0.261,0.491,-0.347,0.117,12.14,51,420,27.03,113,4.3,18,113.46,119.56,110.02,168.4,171.17,161.75,1.484,1.514,1.417,10.95,7.55,14.68,2579.8,3442,1989,6.3,7.4,4.3,275,300.1,254.1,70.629,3277,46,19.69,163,828,34
Kyle Stanley,24,1525,0,5,4092,85,0.113,6.434,57,296.2,56.72,228,402,71.45,786,1100,4,56.58,129,99,-72,-14,6,44.68,63,141,44,3.17,48,0.798,0.489,0.271,0.038,11.89,102,858,20.3,174,4.8,41,112.67,116.63,109.5,168.07,173.98,162.81,1.491,1.517,1.438,10.89,6.83,14.99,2891.2,6573,1801,6.4,7.7,4.5,273.2,312.4,222.2,70.441,5906,84,15.61,236,1512,30
Kyle Thompson,22,10,0,0,5607,50,-0.75,-27.017,36,285.3,54.02,168,311,62.99,405,643,178,42.42,56,76,-23,3,6,51.28,40,78,24,3.86,32,-0.512,-0.534,0.036,-0.014,2.78,14,504,28.83,145,7.4,37,106.27,111.01,103.36,158.42,162.41,154.76,1.491,1.516,1.434,10.89,8.18,13.7,2286.4,4369,1531,5.9,6.8,3.9,255.6,285.2,222.8,72.673,3311,46,20.65,171,828,31
Lanto Griffin,26,175,0,0,5442,80,-0.134,-7.758,58,302.4,56.35,235,417,54.52,549,1007,73,57.35,117,87,-66,0,13,50.91,56,110,42,3.3,44,-0.162,-0.05,-0.034,-0.078,15.89,129,812,36.72,293,5.1,41,119.4,122.32,115.27,178.59,182.1,172.19,1.495,1.517,1.455,10.89,8.61,14.27,2451.1,4832,1633,5.5,7.5,0.7,279.2,316.9,223,71.145,5228,74,17.42,232,1332,30
Louis Oosthuizen,16,826,0,3,4791,58,0.128,4.859,38,299.8,65.52,190,290,62.58,403,644,133,46.04,64,75,-34,-10,5,64,64,100,22,3.7,36,0.474,0.403,-0.33,0.4,15.07,88,584,29.21,170,4.6,27,114.36,118.21,110.48,171.42,175.59,166.14,1.498,1.516,1.461,10.85,6.29,14.42,2721.3,4017,1995,6.5,7.7,4.7,282.3,320.7,259,70.157,3806,54,15.74,153,972,35
Lucas Glover,18,324,0,1,5293,65,-0.149,-6.534,44,297.2,60.76,209,344,64.6,531,822,80,58.29,102,73,-51,-4,8,51.24,62,121,36,3.73,41,0.413,0.509,-0.123,0.027,8.17,50,612,26.19,160,8,49,115.31,118.83,111.53,171.9,176.22,165.57,1.49,1.516,1.442,10.83,7.02,13.53,2658,7939,1630,6.3,7.4,4.9,278.9,303.3,236.6,71.066,4345,61,16.39,180,1098,38
Luke List,28,1111,0,5,4506,94,-0.422,-30.394,72,315.2,58.61,296,505,54.09,674,1246,49,78.44,211,58,-122,-4,16,52.91,91,172,33,3.1,53,1.44,0.824,0.26,0.356,26.7,283,"1,060",34.16,358,6.6,69,121.44,126.72,116.18,181.24,185.36,175.34,1.492,1.518,1.431,10.82,7.16,16.61,2963.1,5117,2154,6.9,7.8,3.1,301.1,323.8,248.2,70.229,6679,95,15.96,273,1710,29
Mackenzie Hughes,28,227,0,1,5390,80,-0.155,-10.204,66,295,55.21,249,451,59.63,616,1033,104,55.9,128,101,-60,-2,12,41.82,46,110,48,2.41,33,0.154,-0.067,0.342,-0.121,8.13,75,922,27.62,253,8.7,80,115.01,118.62,110.55,170.72,174.15,165.23,1.484,1.51,1.444,10.81,6.76,15.31,2757.6,5250,1418,6.5,7.5,3.6,279.4,297.6,246.9,71.282,5387,76,17.69,242,1368,28
Marc Leishman,23,1390,0,6,4227,85,0.149,9.112,61,298.6,60.04,278,463,59.27,652,1100,94,59.34,143,98,-80,-1,10,50.35,71,141,42,2.39,37,0.637,0.023,0.318,0.297,13.57,124,914,29.46,266,5.3,48,115.3,119.37,111.72,173.06,176.89,168.64,1.501,1.519,1.46,10.8,6.47,13.52,2812.6,5930,2033,6.4,8.2,2,283.3,312.9,249.1,70.243,6031,86,15.89,246,1548,34
Martin Flores,29,215,0,0,5402,92,-0.289,-20.821,72,300,54.89,286,521,54.92,659,1200,102,54.09,139,118,-59,-13,11,40.65,63,155,73,3.23,50,-0.278,-0.097,-0.083,-0.098,10.76,108,"1,004",31.55,313,9.5,94,114.91,119.68,111.16,171,177.36,165.57,1.488,1.517,1.446,10.79,6.68,13.56,2317.8,3441,1479,6.2,7.5,2.6,279.7,309.1,246.4,71.458,6112,86,17.96,278,1548,36
Martin Laird,22,453,0,3,5164,73,0.282,17.178,61,299,59.15,236,399,63.22,574,908,111,54.94,128,105,-73,-8,12,50.48,53,105,31,3.59,42,0.189,-0.045,0.024,0.209,8.69,74,852,26.24,222,5.3,45,114.93,118.59,111.67,171.22,174.58,167.89,1.49,1.519,1.436,10.78,6.95,15.42,2597.1,6741,1540,6.5,7.8,1.3,283.3,317.4,247.4,70.839,4576,65,16.58,194,1170,35
Martin Piller,28,371,0,2,5246,79,0.118,7.937,67,292.2,57.74,317,549,58.51,629,1075,189,49.59,121,123,-62,-3,19,47.62,70,147,63,3.25,45,-1.246,-0.248,-0.811,-0.186,3.95,37,936,30.25,281,7.4,69,109.67,112.6,106.99,163.87,168.21,159.19,1.494,1.52,1.449,10.77,5.7,15.82,2624.3,4435,1879,6.3,7.6,4.3,272.6,292.2,249,71.929,5509,77,19.12,265,1386,34
Matt Atkins,21,44,0,0,5573,56,-0.198,-7.912,40,301.4,57.6,197,342,57.5,418,727,164,59.48,91,62,-48,7,10,45.65,42,92,35,3.63,34,-0.931,0.134,-1.039,-0.027,13.21,74,560,34.06,188,5.6,31,116.19,119.38,112.35,170.18,174.52,164.47,1.464,1.507,1.39,10.73,7.52,14.1,2527.8,5118,1495,6.5,8,3.1,286.7,316.9,234.5,72.251,3716,52,18.7,175,936,32
Matt Every,30,113,0,1,5504,79,-0.364,-22.207,61,294.2,52.51,251,478,55.5,580,1045,145,62.83,142,84,-74,6,14,48.84,63,129,53,3.63,49,-0.775,-0.437,-0.023,-0.314,7.88,67,850,31.23,262,7.4,62,113.06,117.13,109.99,169.1,174.39,161.06,1.495,1.519,1.428,10.71,5.54,13.04,2561,3335,1958,6.3,7.5,3.4,281.3,304.7,254,72.044,5379,75,20,270,1350,33
Matt Jones,23,264,0,0,5353,70,-0.084,-3.783,45,304.2,60.34,213,353,58.98,496,841,87,64.2,104,58,-66,7,10,50.48,53,105,37,3.41,38,0.192,0.325,-0.304,0.17,14.6,92,630,28.57,178,6.9,43,118.06,122.61,114.01,176.11,180.5,171.96,1.491,1.518,1.424,10.7,8.24,13.44,3004.9,4212,2264,6.4,7.8,3.1,284.7,308.8,251.6,71.112,4381,62,16.22,181,1116,36
Matt Kuchar,24,740,0,4,4877,88,0.371,23.37,63,287.8,64.43,297,461,62.97,687,1091,90,45.75,113,134,-62,-17,8,61.97,88,142,34,2.5,36,0.254,-0.206,0.238,0.222,5.24,46,878,27.41,239,5.6,49,107.97,110.49,105.16,162.45,166.69,157.81,1.504,1.519,1.475,10.67,6.01,13.91,2447.8,4808,1859,6.2,7.4,3.5,267.6,291.2,235.8,70.461,5626,80,14.17,204,1440,40
Michael Kim,27,675,1,1,4942,74,0.259,14.004,54,289.9,56.05,278,496,54.89,539,982,186,43.39,82,107,-45,-7,17,48.84,63,129,45,2.54,32,-1.262,-1.023,-0.213,-0.027,3.45,26,754,30.57,225,7.9,58,110.64,114.2,106.78,164.54,169.8,154.74,1.487,1.516,1.39,10.63,6.03,16.38,2659.4,5715,1715,6.3,7.5,1.9,271.5,296.5,250.2,71.662,5005,70,19.29,243,1260,25
Michael Thompson,19,280,0,0,5337,62,0.498,27.889,56,296.4,55.77,174,312,64.66,525,812,19,45.27,91,110,-55,-14,7,48.61,35,72,22,2.87,30,-0.446,-0.073,-0.423,0.05,6.76,53,784,23.17,180,6.9,54,111.7,115.95,108.25,167.02,171.01,161.22,1.495,1.518,1.468,10.62,4.89,14.29,2718.6,5411,1863,6.6,7.6,4.3,277.3,294.5,254.2,70.924,4085,58,15.33,160,1044,28
Nate Lashley,17,168,0,0,5449,51,0.082,2.853,35,293.9,60.59,163,269,60.58,398,657,57,52.71,68,61,-39,-4,9,48.57,34,70,21,2.36,20,0.228,0.111,0.036,0.08,6.73,33,490,27.37,133,8.6,42,113.86,116.3,111.55,168.96,172.6,163.91,1.483,1.504,1.45,10.62,6.38,14.53,2484.4,3122,2032,6.3,7.5,4.3,276.4,299.1,248,70.999,3318,47,14.78,125,846,35
Nicholas Lindheim,26,272,0,1,5345,77,0.355,20.924,59,293.5,53.9,214,397,60.44,582,963,65,41.31,88,125,-41,-9,6,43.96,40,91,36,3.06,38,-0.678,-0.258,-0.368,-0.052,7.65,63,824,31.18,256,6.1,50,113.56,117.32,109.6,168.57,175.04,162.42,1.484,1.516,1.426,10.58,7.33,13.93,2266.6,4285,1433,5.9,7.1,3.2,270.9,296.1,242.3,71.344,4876,69,16.99,211,1242,33
Nick Taylor,30,420,0,2,5197,94,-0.312,-23.071,74,292.7,61.83,324,524,60.94,766,1257,78,56.99,155,117,-86,-11,10,55.56,75,135,38,3.4,55,0.077,0.049,0.011,0.017,5.8,60,"1,034",30.83,316,6.4,66,109.88,114.86,106.7,163.72,167.65,160.91,1.49,1.516,1.41,10.55,6.88,14.02,2573,3700,1959,6.3,7.2,3.2,273.8,307.1,252.1,71.269,6373,90,15.31,248,1620,30
Nick Watney,26,760,0,1,4857,94,0.2,15.999,80,307.5,55.68,289,519,56.33,707,1255,66,56.71,169,129,-86,-4,15,43.79,74,169,51,2.1,34,0.143,0.17,0.141,-0.167,16.67,186,"1,116",29.86,330,7.1,78,118.45,121.46,115.03,178.53,183.06,173.36,1.507,1.519,1.48,10.55,6.97,13.52,2707.7,5364,1762,6.4,7.8,4,289.3,315.8,253.8,70.862,6346,90,15.74,255,1620,37
Ollie Schniederjans,27,573,0,3,5044,91,0.325,24.38,75,301.7,57.65,324,562,52.28,620,1186,167,50.57,133,130,-70,-20,15,50.31,82,163,63,2.49,39,-0.038,-0.406,0.104,0.264,13.19,138,"1,046",36.58,379,7.9,82,119.28,124.94,115.43,177.43,180.88,172.01,1.487,1.515,1.435,10.53,5.68,15.07,2758.6,4488,1751,6,7.9,1.9,279.3,323.4,223.5,70.641,6143,87,17.94,281,1566,25
Padraig Harrington,16,29,0,0,5588,46,-0.179,-5.742,32,300.1,56.32,156,277,55.18,293,531,192,56.86,58,44,-25,9,3,62.34,48,77,18,2.86,39,-0.882,-0.448,-0.663,0.23,10.81,92,860,28.77,244,6.1,52,113.92,118,110.34,169.6,174.36,163.67,1.487,1.515,1.431,10.51,6.33,13.76,2633.7,5085,1737,6.3,7.6,3.2,278.2,305.5,244.8,70.89,5329,75,16.48,222,1359,47
Pat Perez,22,1167,1,4,4450,78,0.146,6.287,43,292.9,56.19,218,388,64.87,613,945,72,49.71,86,87,-47,-13,9,43.52,47,108,42,2.44,33,-0.183,-0.032,-0.199,0.048,11.18,74,662,30.4,200,3.8,25,116.79,120.21,112.85,168.41,172.73,159.82,1.442,1.473,1.393,10.48,6.8,14.2,3127.4,7784,2228,6.5,7.7,2.3,277.6,310.6,241.5,70.594,5295,75,16.52,223,1350,39
Patrick Cantlay,21,1838,1,7,3779,79,-0.055,-3.052,55,303.2,59.17,213,360,61.52,590,959,11,74.21,164,57,-98,-1,8,54.64,53,97,15,3.29,45,1.489,0.723,0.567,0.199,17.35,144,830,29.3,242,4.2,35,114.61,117.73,111.99,172.73,177.59,168.89,1.507,1.519,1.476,10.47,5.34,14.76,2527.3,4377,1963,6.4,7.7,3.4,285.2,309.9,263.2,69.861,5313,76,15.06,206,1368,25
Patrick Reed,24,1761,1,7,3856,86,0.151,7.698,51,299.3,64.26,311,484,54.11,560,1035,159,66.34,134,68,-81,0,13,55.35,88,159,33,2.24,33,0.89,0.091,0.255,0.543,11.49,88,766,32.37,246,6.4,49,117.18,120.41,113.4,173.39,178.01,166.76,1.479,1.513,1.448,10.46,6.33,15.31,3048.3,5094,2314,6.3,7.5,2.6,279.9,304.7,252.7,69.982,5749,82,15.11,223,1476,28
Patrick Rodgers,30,541,0,3,5076,97,0.596,41.152,69,303.4,58.14,318,547,60.92,756,1241,112,57.37,144,107,-78,1,9,52.52,73,139,35,2.51,42,-0.402,-0.033,-0.412,0.043,16.01,154,962,28.78,274,5.7,54,118.75,122.07,114.89,177.01,182.28,172.78,1.49,1.519,1.435,10.46,7.33,13.33,2731.1,4044,1745,6.5,7.9,3.6,290.3,322.7,246.2,70.731,6572,93,16.79,281,1674,26
Patton Kizzire,27,1413,2,4,4204,84,0.16,11.231,70,299,55.36,253,457,54.82,625,1140,45,54.31,145,122,-69,-23,14,42.34,47,111,42,2.81,43,-0.055,-0.278,0.39,-0.167,12.88,134,"1,040",34.14,351,6.6,68,115.49,119.38,112.12,171.71,176.2,167.55,1.486,1.516,1.431,10.45,6.1,14.19,2646.8,4721,1530,6.3,7.7,2.7,280.7,313.2,256.7,70.851,5982,85,15.82,242,1530,27
Paul Casey,18,1499,1,5,4118,67,0.126,4.79,38,304.1,60.87,210,345,62.81,527,839,62,58.5,86,61,-57,-8,10,50.65,39,77,30,2.82,34,0.944,0.179,0.703,0.063,14.74,84,570,26.1,148,6.3,36,117.33,122.99,112.01,175.93,181.14,169,1.499,1.516,1.459,10.42,7.7,13.03,2608.2,3524,1442,6.3,7.7,4.2,281.7,314.2,256.8,69.878,4697,67,15.09,182,1206,35
Peter Malnati,28,226,0,0,5391,87,0.619,46.404,75,290.9,61.3,339,553,56.86,659,1159,172,48.53,132,140,-71,-10,9,56.69,89,157,57,1.81,27,-0.374,-0.372,-0.257,0.255,6.49,68,"1,048",29.08,303,8.1,84,111.26,117.19,105.56,165,171.4,155.87,1.483,1.514,1.411,10.41,5.97,13.21,2581.9,3649,1677,6.4,7.6,2.8,271.5,295.2,235.8,70.841,5848,83,15.86,237,1494,30
Peter Uihlein,25,843,0,4,4774,79,0.088,4.996,57,301.3,59.8,244,408,51.93,510,982,79,57.92,128,93,-72,-14,8,56.73,59,104,28,2.99,42,0.216,0.031,-0.043,0.229,21.78,186,854,33.61,282,7.5,63,122.9,128.42,117.19,181.46,186.83,174.3,1.476,1.518,1.398,10.4,6.22,14.38,2961.6,3826,1878,6.6,7.6,4.8,291,330.1,259.9,70.578,5495,78,16.6,233,1404,34
Phil Mickelson,22,1969,1,6,3648,82,0.841,48.801,58,299.9,60.85,286,470,52.33,551,1053,127,60.63,134,87,-92,-10,12,60.9,81,133,29,2.34,35,0.617,-0.147,0.634,0.13,14.52,126,868,35.82,307,7.6,65,116.4,121.44,106.59,173.78,177.25,161.13,1.493,1.518,1.443,10.37,7.85,12.69,2714.9,6637,1914,6.7,7.8,4,293.8,316.3,265.6,69.927,5802,83,16.06,240,1494,48
Rafa Cabrera Bello,19,1121,0,5,4496,71,0.146,5.828,40,295.6,57.85,188,325,67.05,584,871,7,58.87,83,58,-57,-7,4,55.45,56,101,31,3.17,40,1.136,0.348,0.693,0.094,7.79,48,616,25.57,157,4.9,30,112.17,115.08,110.01,167.46,171.91,163.52,1.493,1.51,1.473,10.36,7.46,13.43,2488.3,5116,1727,6.1,7,4.3,271.3,297.6,245,69.887,4898,70,15.48,195,1260,36
Retief Goosen,20,261,0,1,5356,60,-0.411,-16.459,40,296.2,56.98,204,358,55.22,402,728,182,51.68,77,72,-29,-2,8,41.89,31,74,31,2.99,28,-0.085,-0.392,0.389,-0.083,9.14,51,558,32.18,177,5.8,32,111.99,117.08,107.46,166.59,169.99,160.89,1.487,1.518,1.436,10.35,7.14,15.51,2218.2,2932,1565,6.4,7.8,1.9,281.6,302.5,237,71.409,3721,52,18.91,177,936,49
Richy Werenski,32,498,0,2,5119,98,-0.117,-8.405,72,292.2,57.55,301,523,65.16,819,1257,77,53.88,139,119,-86,-14,15,43.36,62,143,63,3.02,50,0.072,0.113,-0.099,0.058,5.17,52,"1,006",25.87,259,6.4,64,109.14,112.02,105.83,164.05,168.54,159.61,1.503,1.52,1.469,10.26,5.17,14.77,2734.2,5641,1947,6.4,7.4,2.8,273.6,299.5,245.2,71.185,6512,92,16.61,275,1656,35
Rickie Fowler,18,1302,0,4,4315,66,0.224,10.983,49,301.1,64.31,218,339,63.81,559,876,28,59.07,114,79,-67,-7,6,59.8,61,102,19,2.06,26,1.005,0.27,0.478,0.257,15.95,119,746,26.29,194,5.4,40,116.04,119.66,112.16,173.84,178.86,166.93,1.498,1.518,1.451,10.26,4.32,16.73,2826.4,4939,1820,6.4,7.6,5.1,290.3,314.8,266.5,69.452,4861,70,12.46,157,1260,29
Ricky Barnes,22,164,0,1,5453,65,0.338,15.195,45,290.6,57.4,221,385,47.15,389,825,156,50.6,85,83,-61,-1,11,51.65,47,91,30,2.45,26,-0.703,-1.019,0.059,0.257,3.33,21,630,42.35,260,4.1,25,116.94,121.06,113.64,169.94,174.61,165.63,1.453,1.517,1.412,10.24,6.79,13.66,2427.3,3026,1914,5.5,6.9,2.6,268.5,293.5,241.8,71.663,4179,59,17.7,188,1062,39
Rob Oppenheim,26,148,0,0,5469,74,0.045,2.407,54,285.2,59.55,262,440,56.26,535,951,150,41.84,82,114,-42,-15,12,60,66,110,29,3.51,43,-0.586,-0.662,0.026,0.05,4.76,36,756,33.96,253,6.4,48,112.17,117.17,108.22,166.5,171,159.63,1.484,1.514,1.423,10.22,6.44,14.47,2809.1,6644,1651,6.2,7.7,2.8,267.3,294.4,235.6,71.532,4830,68,17.08,209,1224,31
Robert Garrigus,27,353,0,1,5264,80,-0.569,-38.672,68,307.9,56.84,270,475,56.37,597,1059,122,67.98,172,81,-68,1,19,43.2,54,125,41,3.95,54,0.356,0.21,0.331,-0.186,16.24,154,948,30.67,288,7,66,117.13,122.06,112.92,176.19,180.59,169.56,1.504,1.519,1.449,10.19,5.96,14.12,2292.3,3627,1425,6.5,8,3.7,291.3,321,228.9,71.457,5391,76,18.06,247,1368,33
Robert Streb,29,155,0,1,5462,78,-0.081,-4.83,60,292.6,52.89,247,467,54.11,559,1033,135,50.24,105,104,-59,-7,9,45,63,140,70,2.78,37,-0.5,-0.68,0.096,0.084,5.73,48,838,32.13,267,8.5,71,115.13,118.73,111.73,171.43,175.51,163.17,1.489,1.515,1.406,10.13,6.12,13.9,2864.9,4048,2000,6.2,8.4,4,270.3,293.4,239.8,71.905,5301,74,18.84,251,1332,34
Roberto Diaz,25,107,0,0,5510,72,0.168,9.41,56,286.3,58.56,260,444,63.2,601,951,157,48.69,93,98,-43,-12,10,50,68,136,49,3.02,37,-1.001,-0.165,-0.6,-0.237,4.46,35,784,28.55,223,5.9,46,108.82,113.95,103.16,161.27,170.45,154.74,1.482,1.519,1.432,10.12,7.18,14.49,2780.2,6877,1441,5.9,7.8,1.3,260.5,292.8,229,71.731,4847,68,17.65,216,1224,32
Rod Pampling,20,64,0,0,5553,62,-0.421,-18.964,45,288.4,56.67,221,390,63.69,514,807,174,56.98,102,77,-25,-2,6,43.2,54,125,53,3.07,32,-0.673,-0.095,-0.415,-0.163,6.55,41,626,26.48,165,6.3,39,112.37,116.81,109.45,163.86,168,155.86,1.458,1.496,1.388,10.1,6.45,14.79,2719.1,4875,1963,5.9,7.1,3.6,259,293.7,192.8,72.445,4184,58,18.87,197,1044,48
Rory McIlroy,16,1373,1,5,4244,56,0.184,7.536,41,320.2,66.05,214,324,55.38,396,715,140,70.14,101,43,-64,-2,11,54.44,49,90,17,2.14,22,1.253,0.655,0.195,0.403,33.92,213,628,30.02,187,5.9,37,121.25,125.4,118.73,181.34,185.19,176.89,1.495,1.519,1.422,10.1,4.71,14.8,2240.4,4320,1635,6.3,7.9,1.6,302.5,337.7,260.7,69.314,3966,57,14.42,148,1026,29
Rory Sabbatini,27,521,0,1,5096,91,0.059,4.449,75,292.3,61.36,316,515,62.05,770,1241,71,58.05,155,112,-97,-16,22,60.67,108,178,28,3.37,54,0.299,0.217,-0.152,0.234,8.6,90,"1,046",27.67,288,8.2,85,112.09,117.89,107.29,166.25,174.35,161.91,1.483,1.518,1.405,10.09,4.59,14.51,2551.6,4388,1690,6.5,7.8,3.8,274.5,308.5,247.5,70.693,6250,89,15.42,247,1602,36
Russell Henley,23,589,0,3,5028,77,0.205,11.054,54,292.5,55.15,214,388,69.34,683,985,32,58,116,84,-49,-13,9,43.9,54,123,49,2.7,36,0.273,0.094,0.431,-0.252,8.95,68,760,23.03,175,6.2,47,112.29,116.49,109.21,167.69,171.58,162.18,1.493,1.519,1.423,10.06,6.4,13.48,2744.4,5050,1547,6,6.9,4.2,268.5,295.2,244,70.489,5224,74,16.44,219,1332,29
Russell Knox,27,629,0,3,4988,94,-0.201,-14.039,70,291.7,60.48,280,463,66.94,804,1201,20,45.75,113,134,-59,-13,14,50.4,63,125,34,3.15,51,0.468,0.056,0.252,0.16,6.25,61,976,22.1,215,7.8,76,111.36,113.76,108.24,165.97,169.52,161.95,1.49,1.515,1.45,10.05,5.59,14.13,2864.2,5861,1782,6.1,7.4,0.7,266.1,285.7,221.9,70.568,6338,90,15.25,247,1620,31
Ryan Armour,31,1084,1,3,4533,105,-0.067,-6.147,92,284.2,59.83,356,595,73.46,"1,060",1443,68,36.44,125,218,-70,-51,14,52.33,90,172,57,3.01,58,0.467,0.017,0.25,0.2,4.09,55,"1,344",19.36,260,4.4,59,109.29,115.34,105.84,161.19,166.1,157.12,1.475,1.511,1.42,10.03,7.05,12.86,2728.7,5452,1764,6.1,7.2,4.6,257.5,281.1,230.7,70.758,7515,107,15.42,297,1926,36
Ryan Blaum,28,433,0,2,5184,81,0.025,1.79,72,289,55.46,264,476,64.31,699,1087,105,53.97,136,116,-75,-14,22,41.54,54,130,48,3.35,47,-0.058,0.011,-0.074,0.005,3.19,32,"1,004",28.02,281,5,50,108.05,111.99,104.96,161.74,165.92,154.49,1.496,1.514,1.439,10.02,6.8,12.98,2819,6017,2120,6.8,8.7,5,269,292.5,237.5,70.993,5502,78,17.95,252,1404,33
Ryan Moore,22,806,0,5,4811,78,-0.271,-17.863,66,289.2,64.16,281,438,71.94,787,1094,42,56.33,138,107,-77,-8,8,47.14,66,140,43,2.56,36,1.211,0.406,0.532,0.273,4.12,38,922,21.2,195,3.5,32,109.43,113.08,104.92,162.68,165.42,155.86,1.486,1.509,1.449,9.97,6.62,12.73,2472.9,5065,1654,6.1,7.3,1.7,263.5,287.2,223.1,70.015,5457,78,13.39,188,1404,37
Ryan Palmer,21,900,0,3,4717,65,-0.396,-22.167,56,305.7,56.68,212,374,58.88,484,822,139,68.47,139,64,-76,-5,12,47.58,59,124,39,3.17,36,0.336,0.272,0.22,-0.157,17.34,145,836,28.31,235,7.1,59,116.66,121.2,112.5,173.8,179.89,167.32,1.49,1.517,1.442,9.91,6.13,13.65,2360.6,3138,1411,6.2,7.8,0.9,284.9,308.1,264.5,71.031,4444,63,17.99,204,1134,39
Sam Ryder,26,551,0,3,5066,82,-0.349,-24.435,70,297.3,56.47,227,402,66.91,746,1115,2,61.24,158,100,-85,-5,10,43.48,50,115,36,3.82,55,0.503,0.203,0.399,-0.099,8.71,85,976,24.72,240,4.9,48,117.17,120.34,113.55,169.88,175.38,161.98,1.45,1.497,1.384,9.87,5.36,15.95,2962.8,5877,1548,6.2,7.5,2,274.9,298.6,243.8,70.914,5612,80,14.65,211,1440,29
Sam Saunders,26,437,0,4,5180,80,0.094,6.304,67,302.8,55.79,260,466,60.14,620,1031,132,67.67,157,75,-97,-1,15,51.75,74,143,46,2.25,30,0.132,0.35,-0.081,-0.138,12.74,119,934,29.25,270,6.7,62,113.47,118.35,109.5,170.67,175.55,164.79,1.504,1.518,1.464,9.77,4.63,14.58,2344.5,4251,1658,6.5,8,2.8,285,309.5,249.1,70.794,5208,74,17.49,233,1332,33
Satoshi Kodaira,18,600,1,1,5017,51,-0.536,-20.386,38,293.2,52.76,172,326,64.97,421,648,186,48.06,62,67,-23,6,4,40.24,33,82,43,5.09,44,-1.183,0.026,-0.285,-0.924,8.08,43,532,26.74,142,5.1,27,110.87,113.37,107.7,165.13,169.19,159.88,1.489,1.516,1.461,9.77,6.25,12.91,2458.1,4203,1526,6.3,7.3,4.4,276.8,304.3,247.1,72.182,3467,48,23.84,206,864,34
Scott Brown,32,422,0,2,5195,102,0.049,3.967,81,292.6,54.79,332,606,62.03,848,1367,115,52.65,149,134,-70,3,17,42.86,69,161,68,2.27,40,-0.71,-0.265,-0.27,-0.175,4.96,56,"1,130",30.06,337,6.1,68,113.5,117.92,108.64,165.98,170.46,159.12,1.462,1.514,1.397,9.75,6.07,14.62,2649.5,5935,1547,6.3,7.6,4.5,271.8,298.4,243.3,71.329,6954,98,17.23,304,1764,36
Scott Piercy,25,833,1,2,4784,80,-0.573,-34.359,60,296.3,56.54,216,382,64.35,648,1007,12,52.86,111,99,-67,-3,10,43.97,51,116,43,3.54,51,0.916,0.205,0.641,0.071,9.71,87,896,28.35,252,4.3,38,112.59,116.99,107.14,168.51,173.44,161.14,1.496,1.518,1.42,9.74,5.41,12.43,2621.2,5283,1431,6.1,7.5,4.1,274.8,311.2,242.3,70.736,5634,80,16.46,237,1440,36
Scott Stallings,30,608,0,2,5009,96,-0.012,-0.967,78,299.7,61.85,334,540,55.99,687,1227,110,58.48,162,115,-79,-8,14,56.69,89,157,37,2.35,38,0.34,-0.021,0.379,-0.018,10.2,111,"1,088",31.5,338,6.8,73,115.72,121.23,112.09,173.38,179.12,163.2,1.498,1.519,1.439,9.67,2.23,14.11,2500.5,3463,1549,6.2,7.6,1.1,283.7,311.8,239,70.719,6348,90,15.56,252,1620,38
Seamus Power,28,455,0,2,5162,86,0.498,32.845,66,302.6,63.8,312,489,55.19,601,1089,128,57.02,138,104,-76,-17,10,60.94,78,128,29,2.71,38,-0.319,0.076,-0.392,-0.003,12.58,116,922,34.32,313,5.6,51,118.71,123.52,114.47,177.8,183.81,170.81,1.497,1.516,1.438,9.66,4.84,13.84,2992.9,8054,1683,5.9,7.7,1,285.1,317.5,255,70.869,5490,78,15.03,211,1404,31
Sean OHair,22,526,0,2,5091,67,-0.207,-11.801,57,302.7,57.56,236,410,60.09,527,877,153,59.82,131,88,-65,-9,11,51.09,70,137,47,2.56,29,-0.026,0.211,-0.073,-0.164,12.59,100,794,28.77,227,6.7,53,114.47,120.15,110.81,171.76,177.03,167.45,1.5,1.518,1.44,9.64,6.11,16.46,2567,5313,1855,6.7,7.7,3.4,285.4,313,251.3,71.479,4490,63,17.2,195,1134,33
Shane Lowry,19,296,0,0,5321,64,-0.167,-8.159,49,300.3,54.93,167,304,60.96,459,753,43,61.67,111,69,-62,1,5,51.69,46,89,23,2.98,30,0.494,0.336,0.228,-0.069,11.44,78,682,28.13,191,7.1,48,114.49,118.3,110.1,171.81,175.33,166.92,1.5,1.518,1.461,9.57,5.78,13.38,2618.3,4885,1515,6.6,7.8,3.6,282,311.4,210.8,70.754,3973,56,16.96,171,1008,34
Shawn Stefani,25,268,0,1,5349,76,-0.034,-2.05,60,299.6,58.43,253,433,56.52,585,1035,83,54.95,122,100,-69,-18,10,47.5,57,120,42,3,40,0.141,-0.093,0.221,0.013,9.52,80,840,33.25,276,6.1,51,114.97,121.07,109.9,169.38,175.27,163.66,1.473,1.514,1.379,9.55,6.62,14.47,2384.9,4206,1748,6.3,7.8,3.7,280.6,306.4,247.9,71.192,5229,74,16.14,215,1332,35
Si Woo Kim,30,972,0,5,4645,104,-0.241,-17.329,72,290.6,57.32,364,635,59.81,823,1376,151,61.68,169,105,-91,3,13,50.78,98,193,58,2.51,47,0.16,-0.021,-0.146,0.327,8.27,88,"1,064",29.38,310,6.2,65,111.53,115.28,108.81,166.27,169.83,160.99,1.49,1.518,1.442,9.54,5.71,12.04,2700.3,7723,1714,6.1,7.7,2,269.5,299.3,212.8,71.367,7394,104,17.63,330,1872,28
Smylie Kaufman,22,74,0,1,5543,49,-0.398,-15.532,39,297.1,47.12,196,416,40.85,268,656,195,52.08,75,69,-22,11,12,42.86,48,112,73,3.07,26,-3.586,-1.585,-1.504,-0.497,12.68,69,544,42.64,220,7.8,40,115.5,120.8,112.39,171.75,176.26,165.73,1.487,1.519,1.417,9.53,4.04,14.03,2484.2,4235,1838,6.2,8,4.4,286.8,312.7,256.1,74.891,3515,47,28.25,239,846,25
Stephan Jaeger,26,211,0,0,5406,81,-0.144,-9.095,63,299.2,56.76,252,444,58.76,614,1045,91,59.56,134,91,-81,-9,9,46.97,62,132,56,2.81,38,0.054,0.045,-0.166,0.175,9.91,87,878,31.23,272,7.1,62,113.54,117.14,108.97,169.4,174.67,163.29,1.492,1.516,1.45,9.51,5.31,13.66,2817.5,8556,1840,6.9,8.2,4.7,280.2,308.6,243.3,71.356,5316,75,16.52,223,1350,32
Steve Wheatcroft,20,138,0,1,5479,60,-0.128,-5.892,46,288.9,61.03,213,349,69.79,566,811,99,58.93,99,69,-56,-7,5,47.73,42,88,35,2.59,27,-0.211,0.112,-0.065,-0.258,7.45,48,644,22.61,144,6.4,41,109.41,112.99,106.04,162.91,168.18,159.93,1.489,1.519,1.421,9.5,5.85,13.56,2541.4,3543,1694,6.3,7.5,2.7,266,284.6,242.4,71.631,4111,58,15.23,159,1044,34
Stewart Cink,25,775,0,3,4842,87,-0.345,-23.115,67,298.1,55.69,274,492,57.6,701,1217,48,54.15,124,105,-73,2,15,49.29,69,140,49,2.87,45,0.81,0.057,0.698,0.055,9.53,89,934,31.18,290,6.7,62,115.54,120.35,111.72,171.43,176.19,162.52,1.484,1.517,1.394,9.48,4.83,13.39,2695.3,5200,1788,6.3,7.6,1.7,275.5,306.3,251.1,70.44,6113,87,16.28,255,1566,45
Sung Kang,29,490,0,2,5127,89,-0.235,-15.725,67,293.1,52.4,295,563,56.72,675,1190,168,52.24,128,117,-59,8,5,50.34,75,149,64,2.94,45,-0.806,-0.488,-0.094,-0.225,6.75,63,934,30.9,283,6.1,56,112.57,117.59,109.12,168.69,173.55,164.52,1.498,1.518,1.41,9.27,4.93,13.62,2506.9,3583,1674,6.1,7.6,1.2,280.9,309.9,243.7,71.954,6101,85,19.28,295,1530,31
Talor Gooch,27,308,0,0,5309,78,0.031,1.897,62,298.9,59.53,281,472,57.31,576,1005,162,57.27,130,97,-62,10,16,51.52,68,132,37,2.78,36,-0.194,-0.322,0.075,0.053,9.58,83,866,33.61,286,5.2,44,117.54,123.84,113.68,174.46,179.45,168.7,1.484,1.519,1.412,9.26,4.94,12.19,2886.6,5794,1840,6.2,7.5,2.7,283.5,314.3,257.5,71.149,5112,72,17.05,221,1296,26
Ted Potter Jr,27,809,1,1,4808,83,0.042,2.977,71,286,58.44,315,539,66.76,755,1131,169,46.22,116,135,-56,-19,18,53.42,78,146,49,3.13,49,-0.082,-0.044,-0.179,0.14,2.96,31,"1,048",25.77,268,5.3,55,113.5,116.7,109.95,165.76,170.93,159.71,1.46,1.512,1.415,9.14,6.24,12.06,3152.8,6542,1487,6.3,7.5,0.5,270.8,294.4,226.7,71.024,6171,87,18.45,289,1566,31
Tiger Woods,16,1342,0,5,4275,60,0.236,11.561,49,303.5,64.33,220,342,57.39,466,812,89,53.37,95,83,-59,-11,6,47.78,43,90,28,2.6,30,1.317,-0.006,0.955,0.367,13.55,100,738,30.12,219,5.6,41,120.31,129.2,116.25,178.56,182.32,170.88,1.484,1.514,1.411,9.06,4.62,13.72,2448.7,4921,1892,6.1,7.9,2,290.3,319.1,264.3,69.457,4461,64,14.32,165,1152,42
Tom Hoge,31,608,0,3,5009,101,-0.162,-13.429,83,291.4,61.41,374,609,62.43,811,1299,161,54.49,164,137,-82,-8,18,49.36,77,156,51,3.64,61,0.235,0.018,0.297,-0.079,5.34,62,"1,160",27.02,311,6.3,73,111.82,116.83,107.56,166,170.6,160.02,1.484,1.513,1.428,9.03,5.02,12.2,2698.4,5206,1745,6.5,7.4,2.4,273,301.9,241.8,70.945,6568,93,17.2,288,1674,45
Tom Lovelady,28,332,0,2,5285,87,-0.05,-3.415,69,315.9,52.08,250,480,54.73,619,1131,92,73.6,184,66,-107,3,16,49.65,71,143,48,3.7,54,-0.14,0.379,-0.24,-0.279,29.67,286,964,33.47,317,5.2,49,120.53,126.6,116.05,180.24,184.58,174.79,1.495,1.539,1.422,9.01,5.7,14.38,2592.5,5812,1603,6.8,8.5,3,302.6,330.4,252.1,71.252,5739,81,18.38,268,1458,41
Tommy Fleetwood,17,1424,0,5,4193,65,0.138,5.785,42,307.5,56.82,175,308,63.29,481,760,52,71.07,113,46,-78,-9,8,51.46,53,103,40,2.51,28,1.318,0.567,0.359,0.392,18.94,122,644,25.43,163,5.6,36,117,120.11,114.68,175.17,178.47,172.59,1.497,1.512,1.443,8.93,4.93,12.26,2691.8,3171,1662,6.6,7.8,2.8,286,302.1,264.5,69.339,4312,62,15.77,176,1116,27
Tony Finau,26,3169,0,10,2448,97,0.12,8.25,69,316.3,58.01,268,462,53.9,650,1206,18,72.73,192,72,-126,-3,14,45.89,67,146,41,2.25,38,1.252,0.509,0.49,0.254,27.45,280,"1,020",33.66,340,7.2,73,121.55,127.26,118.73,181.77,185.37,177.27,1.495,1.517,1.423,8.8,4.43,12.77,2724.8,4297,1438,6.4,7.8,2.8,296.9,334.4,264.4,69.515,6537,94,14.42,244,1692,28
Trey Mullinax,24,550,0,3,5067,75,0.078,4.472,57,318.7,55.26,226,409,54.98,513,933,106,66.16,131,67,-62,-6,15,49.14,57,116,36,2.5,31,-0.101,0.51,-0.416,-0.195,29.85,237,794,33.25,258,5.2,40,121.29,124.23,114.15,182.22,186.44,171.88,1.502,1.518,1.462,8.8,4.68,13.58,2697.7,6075,1930,6.8,8.7,3.5,300.4,329.6,266.7,70.815,4872,69,17.79,221,1242,27
Troy Merritt,27,616,1,3,5001,89,0.077,5.594,73,295.4,57.6,307,533,62.93,747,1187,130,55.8,154,122,-89,-8,13,48.47,79,163,49,2.35,36,0.132,0.138,0.086,-0.092,7.45,76,"1,020",26.73,271,6.6,67,112.04,115.11,109.43,166.88,170.92,159.57,1.489,1.517,1.43,8.77,5.98,11.23,2828.8,7521,1615,6.4,8.2,0.9,274.5,304.2,242.7,70.888,5993,85,16.99,260,1530,31
Tyler Duncan,31,457,0,2,5160,97,-0.554,-42.673,77,294.4,53.83,260,483,66.37,825,1243,25,62.83,169,100,-97,2,12,33.8,48,142,61,3.58,60,0.564,0.269,0.44,-0.145,6.78,73,"1,076",25.51,274,5.7,61,114.17,118.93,109.16,166.46,171.77,161.76,1.458,1.516,1.377,8.69,5.88,11.92,2551.1,3642,1825,6.2,7.6,3.1,270.4,299.8,230.2,71.04,6582,93,17.68,296,1674,30
Tyrone Van Aswegen,31,364,0,1,5253,101,-0.01,-0.826,83,290.3,58.08,338,582,56.98,739,1297,124,45.39,138,166,-70,-14,16,49.01,74,151,47,2.39,40,-0.313,-0.493,-0.008,0.187,6.56,76,"1,158",31.21,358,7.3,84,111.94,115.63,107.65,167.96,173.16,162.69,1.5,1.516,1.463,8.68,4.08,11.25,2374.3,6158,1607,6,7.7,1.7,273.4,297.6,234.5,71.243,6595,93,16.61,278,1674,33
Tyrrell Hatton,15,932,0,4,4685,54,0.271,9.23,34,298.2,63.12,178,282,60.49,392,648,109,50.77,66,64,-36,-16,8,53.42,39,73,28,2.47,24,0.501,0.207,0.182,0.112,13.53,72,532,29.57,157,5.6,30,115.69,118.75,113.86,172.56,176.48,167.52,1.491,1.512,1.438,8.59,6.4,12.12,2630.5,3163,1919,6.9,7.8,5,284.2,299.7,262.1,70.091,3802,54,14.81,144,972,32
Vaughn Taylor,25,445,0,3,5172,83,-0.08,-5.585,70,286.1,59.91,281,469,67.51,746,1105,94,45.82,115,136,-62,-30,13,47.65,71,149,65,3.66,52,0.299,-0.005,0.305,-0.002,3.16,31,980,23.23,227,6.3,62,107.04,111.91,104.28,160.07,162.97,156.44,1.495,1.519,1.431,8.47,4.73,12.99,2343,2982,1447,6.2,7.4,4.5,264.4,287.4,233.5,70.692,5554,79,16.39,233,1422,36
Webb Simpson,24,1848,1,7,3769,87,0.606,41.8,69,293.6,66.59,309,464,61.96,694,1120,75,52.89,128,114,-75,-15,16,63.04,87,138,24,1.7,27,0.734,-0.07,0.489,0.315,6.39,65,"1,018",30.15,306,5.2,53,110.9,115.4,107.03,164.85,169.28,158.26,1.486,1.516,1.421,8.42,5.7,12.38,2575.9,4898,1798,6.4,7.3,3.9,272.4,297.7,235,69.311,6097,88,12.44,197,1584,33
Wesley Bryan,23,219,0,0,5398,69,0.36,18.354,51,280.4,60.17,281,467,55.41,522,942,184,32.96,59,120,-26,-15,11,49.58,59,119,48,2.07,25,-0.814,-1.443,0.222,0.407,2.92,21,718,32.63,232,6,43,108.78,111.48,106.1,163.44,167.24,159.41,1.502,1.517,1.484,8.21,4.22,12.22,2389,4541,1427,5.9,7.3,3.4,265.4,287.2,234.5,71.552,4770,67,17.25,208,1206,32
Whee Kim,30,805,0,3,4812,93,0.427,31.181,73,285.8,58.56,342,584,61.11,759,1242,163,39.26,106,164,-55,-26,12,61.82,102,165,37,2.93,47,-0.864,-0.748,0.03,-0.146,3.14,32,"1,018",28.15,284,5.4,54,109.67,113.54,106.62,163.98,167.84,156.89,1.495,1.518,1.443,8.19,5.24,12.08,2504.3,4427,1490,6.4,7.5,4,270.5,293.8,239.5,71.477,6318,89,17.23,276,1602,26
William McGirt,26,449,0,3,5168,84,0.2,14.964,75,289.3,62.86,286,455,59.89,651,1087,81,49.03,126,131,-71,-9,11,53.28,73,137,42,2.42,34,-0.021,-0.306,0.091,0.194,5.64,59,"1,046",30.76,319,6.2,64,110.35,114.75,106.81,165.07,169.53,158.97,1.496,1.519,1.415,8.08,5.52,11.46,2740,5368,1926,6.2,7.4,1.5,269.1,287.4,220.6,70.791,5494,78,14.17,199,1404,34
Xander Schauffele,25,1109,0,5,4508,88,0.003,0.167,60,304.6,58.48,300,513,59.28,677,1142,138,71.01,169,69,-95,2,6,47.67,82,172,44,2.81,45,0.343,0.25,0.171,-0.078,20.78,187,900,27.19,242,7.6,68,117.39,122.65,113.81,174.2,178.36,168.42,1.484,1.518,1.422,7.72,4.71,10.7,2616.7,8131,1666,6.7,7.7,4.4,289.7,319.5,246.2,70.547,6274,89,16.85,270,1602,24
Xinjun Zhang,28,195,0,1,5422,81,-0.437,-24.884,57,298.7,58.2,259,445,65.33,684,1047,93,65.48,129,68,-61,0,17,49.23,64,130,44,4.52,61,-0.297,0.139,-0.254,-0.182,10.55,84,796,25.83,203,6.1,48,114.95,119.2,110.2,169.29,176.56,159.04,1.472,1.518,1.411,7.72,4.39,11.79,2747.4,4220,1660,6.3,7.9,2.2,280.2,307.2,253,71.486,5330,75,17.41,235,1350,31
Zac Blair,20,176,0,0,5441,64,0.203,9.34,46,279.5,61.43,215,350,62.76,509,811,100,43.27,74,97,-45,0,9,61.63,53,86,24,2.11,22,0.12,-0.345,0.072,0.394,4.19,27,644,33.28,214,3.1,20,107.9,110.66,104.53,158.44,163.87,146.5,1.468,1.516,1.367,7.52,1.25,12.97,2798.2,4819,1862,6.4,7.4,4.1,259.8,282,236.3,71.215,4089,58,14.56,152,1044,29
Zach Johnson,24,890,0,2,4727,90,0.219,14.042,64,290.1,61.77,286,463,63.38,701,1106,85,45.3,106,128,-57,-25,13,51.77,73,141,38,2.04,32,0.787,-0.005,0.41,0.382,4.11,39,948,25.4,239,6.6,62,110,113.97,107.4,164.14,168.71,155.17,1.492,1.513,1.417,7.14,4.22,11.33,2548.7,7582,1431,6.2,7.7,2.3,269.5,290.5,224.7,69.911,6063,87,14.05,220,1566,42
Zecheng Dou,23,21,0,0,5596,53,-0.667,-24.01,36,291.9,51.56,165,320,54.76,374,683,158,51.94,67,62,-26,2,6,46.51,40,86,30,4.88,43,-0.531,-0.079,-0.265,-0.187,8.57,43,502,34.61,172,6.6,33,116.53,120.44,107.76,165.76,170.8,159.42,1.423,1.506,1.337,11.06,7.01,14.89,2772.3,4465,2002,6.2,7.4,2.1,273.9,295.2,252.9,72.773,3546,49,21.54,190,882,21
,,,,,,,,,,,,,,,,,,,,,,,,,,,,,,,,,,,,,,,,,,,,,,,,,,,,,,,,,,,,,,,,,,,,
,,,,,,,,,,,,,,,,,,,,,,,,,,,,,,,,,,,,,,,,,,,,,,,,,,,,,,,,,,,,,,,,,,,,
,,,,,,,,,,,,,,,,,,,,,,,,,,,,,,,,,,,,,,,,,,,,,,,,,,,,,,,,,,,,,,,,,,,,
,,,,,,,,,,,,,,,,,,,,,,,,,,,,,,,,,,,,,,,,,,,,,,,,,,,,,,,,,,,,,,,,,,,,
,,,,,,,,,,,,,,,,,,,,,,,,,,,,,,,,,,,,,,,,,,,,,,,,,,,,,,,,,,,,,,,,,,,,
,,,,,,,,,,,,,,,,,,,,,,,,,,,,,,,,,,,,,,,,,,,,,,,,,,,,,,,,,,,,,,,,,,,,
,,,,,,,,,,,,,,,,,,,,,,,,,,,,,,,,,,,,,,,,,,,,,,,,,,,,,,,,,,,,,,,,,,,,
,,,,,,,,,,,,,,,,,,,,,,,,,,,,,,,,,,,,,,,,,,,,,,,,,,,,,,,,,,,,,,,,,,,,
,,,,,,,,,,,,,,,,,,,,,,,,,,,,,,,,,,,,,,,,,,,,,,,,,,,,,,,,,,,,,,,,,,,,
,,,,,,,,,,,,,,,,,,,,,,,,,,,,,,,,,,,,,,,,,,,,,,,,,,,,,,,,,,,,,,,,,,,,
,,,,,,,,,,,,,,,,,,,,,,,,,,,,,,,,,,,,,,,,,,,,,,,,,,,,,,,,,,,,,,,,,,,,
,,,,,,,,,,,,,,,,,,,,,,,,,,,,,,,,,,,,,,,,,,,,,,,,,,,,,,,,,,,,,,,,,,,,
,,,,,,,,,,,,,,,,,,,,,,,,,,,,,,,,,,,,,,,,,,,,,,,,,,,,,,,,,,,,,,,,,,,,
,,,,,,,,,,,,,,,,,,,,,,,,,,,,,,,,,,,,,,,,,,,,,,,,,,,,,,,,,,,,,,,,,,,,
,,,,,,,,,,,,,,,,,,,,,,,,,,,,,,,,,,,,,,,,,,,,,,,,,,,,,,,,,,,,,,,,,,,,
,,,,,,,,,,,,,,,,,,,,,,,,,,,,,,,,,,,,,,,,,,,,,,,,,,,,,,,,,,,,,,,,,,,,
,,,,,,,,,,,,,,,,,,,,,,,,,,,,,,,,,,,,,,,,,,,,,,,,,,,,,,,,,,,,,,,,,,,,
,,,,,,,,,,,,,,,,,,,,,,,,,,,,,,,,,,,,,,,,,,,,,,,,,,,,,,,,,,,,,,,,,,,,
,,,,,,,,,,,,,,,,,,,,,,,,,,,,,,,,,,,,,,,,,,,,,,,,,,,,,,,,,,,,,,,,,,,,
,,,,,,,,,,,,,,,,,,,,,,,,,,,,,,,,,,,,,,,,,,,,,,,,,,,,,,,,,,,,,,,,,,,,
,,,,,,,,,,,,,,,,,,,,,,,,,,,,,,,,,,,,,,,,,,,,,,,,,,,,,,,,,,,,,,,,,,,,
,,,,,,,,,,,,,,,,,,,,,,,,,,,,,,,,,,,,,,,,,,,,,,,,,,,,,,,,,,,,,,,,,,,,
,,,,,,,,,,,,,,,,,,,,,,,,,,,,,,,,,,,,,,,,,,,,,,,,,,,,,,,,,,,,,,,,,,,,
,,,,,,,,,,,,,,,,,,,,,,,,,,,,,,,,,,,,,,,,,,,,,,,,,,,,,,,,,,,,,,,,,,,,
,,,,,,,,,,,,,,,,,,,,,,,,,,,,,,,,,,,,,,,,,,,,,,,,,,,,,,,,,,,,,,,,,,,,
,,,,,,,,,,,,,,,,,,,,,,,,,,,,,,,,,,,,,,,,,,,,,,,,,,,,,,,,,,,,,,,,,,,,
,,,,,,,,,,,,,,,,,,,,,,,,,,,,,,,,,,,,,,,,,,,,,,,,,,,,,,,,,,,,,,,,,,,,
,,,,,,,,,,,,,,,,,,,,,,,,,,,,,,,,,,,,,,,,,,,,,,,,,,,,,,,,,,,,,,,,,,,,
,,,,,,,,,,,,,,,,,,,,,,,,,,,,,,,,,,,,,,,,,,,,,,,,,,,,,,,,,,,,,,,,,,,,
,,,,,,,,,,,,,,,,,,,,,,,,,,,,,,,,,,,,,,,,,,,,,,,,,,,,,,,,,,,,,,,,,,,,
,,,,,,,,,,,,,,,,,,,,,,,,,,,,,,,,,,,,,,,,,,,,,,,,,,,,,,,,,,,,,,,,,,,,
,,,,,,,,,,,,,,,,,,,,,,,,,,,,,,,,,,,,,,,,,,,,,,,,,,,,,,,,,,,,,,,,,,,,
,,,,,,,,,,,,,,,,,,,,,,,,,,,,,,,,,,,,,,,,,,,,,,,,,,,,,,,,,,,,,,,,,,,,
,,,,,,,,,,,,,,,,,,,,,,,,,,,,,,,,,,,,,,,,,,,,,,,,,,,,,,,,,,,,,,,,,,,,
,,,,,,,,,,,,,,,,,,,,,,,,,,,,,,,,,,,,,,,,,,,,,,,,,,,,,,,,,,,,,,,,,,,,
,,,,,,,,,,,,,,,,,,,,,,,,,,,,,,,,,,,,,,,,,,,,,,,,,,,,,,,,,,,,,,,,,,,,
,,,,,,,,,,,,,,,,,,,,,,,,,,,,,,,,,,,,,,,,,,,,,,,,,,,,,,,,,,,,,,,,,,,,
,,,,,,,,,,,,,,,,,,,,,,,,,,,,,,,,,,,,,,,,,,,,,,,,,,,,,,,,,,,,,,,,,,,,
,,,,,,,,,,,,,,,,,,,,,,,,,,,,,,,,,,,,,,,,,,,,,,,,,,,,,,,,,,,,,,,,,,,,
,,,,,,,,,,,,,,,,,,,,,,,,,,,,,,,,,,,,,,,,,,,,,,,,,,,,,,,,,,,,,,,,,,,,
,,,,,,,,,,,,,,,,,,,,,,,,,,,,,,,,,,,,,,,,,,,,,,,,,,,,,,,,,,,,,,,,,,,,
,,,,,,,,,,,,,,,,,,,,,,,,,,,,,,,,,,,,,,,,,,,,,,,,,,,,,,,,,,,,,,,,,,,,
,,,,,,,,,,,,,,,,,,,,,,,,,,,,,,,,,,,,,,,,,,,,,,,,,,,,,,,,,,,,,,,,,,,,
,,,,,,,,,,,,,,,,,,,,,,,,,,,,,,,,,,,,,,,,,,,,,,,,,,,,,,,,,,,,,,,,,,,,
,,,,,,,,,,,,,,,,,,,,,,,,,,,,,,,,,,,,,,,,,,,,,,,,,,,,,,,,,,,,,,,,,,,,
,,,,,,,,,,,,,,,,,,,,,,,,,,,,,,,,,,,,,,,,,,,,,,,,,,,,,,,,,,,,,,,,,,,,
,,,,,,,,,,,,,,,,,,,,,,,,,,,,,,,,,,,,,,,,,,,,,,,,,,,,,,,,,,,,,,,,,,,,
,,,,,,,,,,,,,,,,,,,,,,,,,,,,,,,,,,,,,,,,,,,,,,,,,,,,,,,,,,,,,,,,,,,,
,,,,,,,,,,,,,,,,,,,,,,,,,,,,,,,,,,,,,,,,,,,,,,,,,,,,,,,,,,,,,,,,,,,,
,,,,,,,,,,,,,,,,,,,,,,,,,,,,,,,,,,,,,,,,,,,,,,,,,,,,,,,,,,,,,,,,,,,,
,,,,,,,,,,,,,,,,,,,,,,,,,,,,,,,,,,,,,,,,,,,,,,,,,,,,,,,,,,,,,,,,,,,,
,,,,,,,,,,,,,,,,,,,,,,,,,,,,,,,,,,,,,,,,,,,,,,,,,,,,,,,,,,,,,,,,,,,,
,,,,,,,,,,,,,,,,,,,,,,,,,,,,,,,,,,,,,,,,,,,,,,,,,,,,,,,,,,,,,,,,,,,,
,,,,,,,,,,,,,,,,,,,,,,,,,,,,,,,,,,,,,,,,,,,,,,,,,,,,,,,,,,,,,,,,,,,,
,,,,,,,,,,,,,,,,,,,,,,,,,,,,,,,,,,,,,,,,,,,,,,,,,,,,,,,,,,,,,,,,,,,,
,,,,,,,,,,,,,,,,,,,,,,,,,,,,,,,,,,,,,,,,,,,,,,,,,,,,,,,,,,,,,,,,,,,,
,,,,,,,,,,,,,,,,,,,,,,,,,,,,,,,,,,,,,,,,,,,,,,,,,,,,,,,,,,,,,,,,,,,,
,,,,,,,,,,,,,,,,,,,,,,,,,,,,,,,,,,,,,,,,,,,,,,,,,,,,,,,,,,,,,,,,,,,,
,,,,,,,,,,,,,,,,,,,,,,,,,,,,,,,,,,,,,,,,,,,,,,,,,,,,,,,,,,,,,,,,,,,,
,,,,,,,,,,,,,,,,,,,,,,,,,,,,,,,,,,,,,,,,,,,,,,,,,,,,,,,,,,,,,,,,,,,,
,,,,,,,,,,,,,,,,,,,,,,,,,,,,,,,,,,,,,,,,,,,,,,,,,,,,,,,,,,,,,,,,,,,,
,,,,,,,,,,,,,,,,,,,,,,,,,,,,,,,,,,,,,,,,,,,,,,,,,,,,,,,,,,,,,,,,,,,,
,,,,,,,,,,,,,,,,,,,,,,,,,,,,,,,,,,,,,,,,,,,,,,,,,,,,,,,,,,,,,,,,,,,,
,,,,,,,,,,,,,,,,,,,,,,,,,,,,,,,,,,,,,,,,,,,,,,,,,,,,,,,,,,,,,,,,,,,,
,,,,,,,,,,,,,,,,,,,,,,,,,,,,,,,,,,,,,,,,,,,,,,,,,,,,,,,,,,,,,,,,,,,,
,,,,,,,,,,,,,,,,,,,,,,,,,,,,,,,,,,,,,,,,,,,,,,,,,,,,,,,,,,,,,,,,,,,,
,,,,,,,,,,,,,,,,,,,,,,,,,,,,,,,,,,,,,,,,,,,,,,,,,,,,,,,,,,,,,,,,,,,,
,,,,,,,,,,,,,,,,,,,,,,,,,,,,,,,,,,,,,,,,,,,,,,,,,,,,,,,,,,,,,,,,,,,,
,,,,,,,,,,,,,,,,,,,,,,,,,,,,,,,,,,,,,,,,,,,,,,,,,,,,,,,,,,,,,,,,,,,,
,,,,,,,,,,,,,,,,,,,,,,,,,,,,,,,,,,,,,,,,,,,,,,,,,,,,,,,,,,,,,,,,,,,,
,,,,,,,,,,,,,,,,,,,,,,,,,,,,,,,,,,,,,,,,,,,,,,,,,,,,,,,,,,,,,,,,,,,,
,,,,,,,,,,,,,,,,,,,,,,,,,,,,,,,,,,,,,,,,,,,,,,,,,,,,,,,,,,,,,,,,,,,,
,,,,,,,,,,,,,,,,,,,,,,,,,,,,,,,,,,,,,,,,,,,,,,,,,,,,,,,,,,,,,,,,,,,,
,,,,,,,,,,,,,,,,,,,,,,,,,,,,,,,,,,,,,,,,,,,,,,,,,,,,,,,,,,,,,,,,,,,,
,,,,,,,,,,,,,,,,,,,,,,,,,,,,,,,,,,,,,,,,,,,,,,,,,,,,,,,,,,,,,,,,,,,,
,,,,,,,,,,,,,,,,,,,,,,,,,,,,,,,,,,,,,,,,,,,,,,,,,,,,,,,,,,,,,,,,,,,,
,,,,,,,,,,,,,,,,,,,,,,,,,,,,,,,,,,,,,,,,,,,,,,,,,,,,,,,,,,,,,,,,,,,,
,,,,,,,,,,,,,,,,,,,,,,,,,,,,,,,,,,,,,,,,,,,,,,,,,,,,,,,,,,,,,,,,,,,,
,,,,,,,,,,,,,,,,,,,,,,,,,,,,,,,,,,,,,,,,,,,,,,,,,,,,,,,,,,,,,,,,,,,,
,,,,,,,,,,,,,,,,,,,,,,,,,,,,,,,,,,,,,,,,,,,,,,,,,,,,,,,,,,,,,,,,,,,,
,,,,,,,,,,,,,,,,,,,,,,,,,,,,,,,,,,,,,,,,,,,,,,,,,,,,,,,,,,,,,,,,,,,,
,,,,,,,,,,,,,,,,,,,,,,,,,,,,,,,,,,,,,,,,,,,,,,,,,,,,,,,,,,,,,,,,,,,,
,,,,,,,,,,,,,,,,,,,,,,,,,,,,,,,,,,,,,,,,,,,,,,,,,,,,,,,,,,,,,,,,,,,,
,,,,,,,,,,,,,,,,,,,,,,,,,,,,,,,,,,,,,,,,,,,,,,,,,,,,,,,,,,,,,,,,,,,,
,,,,,,,,,,,,,,,,,,,,,,,,,,,,,,,,,,,,,,,,,,,,,,,,,,,,,,,,,,,,,,,,,,,,
,,,,,,,,,,,,,,,,,,,,,,,,,,,,,,,,,,,,,,,,,,,,,,,,,,,,,,,,,,,,,,,,,,,,
,,,,,,,,,,,,,,,,,,,,,,,,,,,,,,,,,,,,,,,,,,,,,,,,,,,,,,,,,,,,,,,,,,,,
,,,,,,,,,,,,,,,,,,,,,,,,,,,,,,,,,,,,,,,,,,,,,,,,,,,,,,,,,,,,,,,,,,,,
,,,,,,,,,,,,,,,,,,,,,,,,,,,,,,,,,,,,,,,,,,,,,,,,,,,,,,,,,,,,,,,,,,,,
,,,,,,,,,,,,,,,,,,,,,,,,,,,,,,,,,,,,,,,,,,,,,,,,,,,,,,,,,,,,,,,,,,,,
,,,,,,,,,,,,,,,,,,,,,,,,,,,,,,,,,,,,,,,,,,,,,,,,,,,,,,,,,,,,,,,,,,,,
,,,,,,,,,,,,,,,,,,,,,,,,,,,,,,,,,,,,,,,,,,,,,,,,,,,,,,,,,,,,,,,,,,,,
,,,,,,,,,,,,,,,,,,,,,,,,,,,,,,,,,,,,,,,,,,,,,,,,,,,,,,,,,,,,,,,,,,,,
,,,,,,,,,,,,,,,,,,,,,,,,,,,,,,,,,,,,,,,,,,,,,,,,,,,,,,,,,,,,,,,,,,,,
,,,,,,,,,,,,,,,,,,,,,,,,,,,,,,,,,,,,,,,,,,,,,,,,,,,,,,,,,,,,,,,,,,,,
,,,,,,,,,,,,,,,,,,,,,,,,,,,,,,,,,,,,,,,,,,,,,,,,,,,,,,,,,,,,,,,,,,,,
,,,,,,,,,,,,,,,,,,,,,,,,,,,,,,,,,,,,,,,,,,,,,,,,,,,,,,,,,,,,,,,,,,,,
,,,,,,,,,,,,,,,,,,,,,,,,,,,,,,,,,,,,,,,,,,,,,,,,,,,,,,,,,,,,,,,,,,,,
,,,,,,,,,,,,,,,,,,,,,,,,,,,,,,,,,,,,,,,,,,,,,,,,,,,,,,,,,,,,,,,,,,,,
,,,,,,,,,,,,,,,,,,,,,,,,,,,,,,,,,,,,,,,,,,,,,,,,,,,,,,,,,,,,,,,,,,,,
,,,,,,,,,,,,,,,,,,,,,,,,,,,,,,,,,,,,,,,,,,,,,,,,,,,,,,,,,,,,,,,,,,,,
,,,,,,,,,,,,,,,,,,,,,,,,,,,,,,,,,,,,,,,,,,,,,,,,,,,,,,,,,,,,,,,,,,,,
,,,,,,,,,,,,,,,,,,,,,,,,,,,,,,,,,,,,,,,,,,,,,,,,,,,,,,,,,,,,,,,,,,,,
,,,,,,,,,,,,,,,,,,,,,,,,,,,,,,,,,,,,,,,,,,,,,,,,,,,,,,,,,,,,,,,,,,,,
,,,,,,,,,,,,,,,,,,,,,,,,,,,,,,,,,,,,,,,,,,,,,,,,,,,,,,,,,,,,,,,,,,,,
,,,,,,,,,,,,,,,,,,,,,,,,,,,,,,,,,,,,,,,,,,,,,,,,,,,,,,,,,,,,,,,,,,,,
,,,,,,,,,,,,,,,,,,,,,,,,,,,,,,,,,,,,,,,,,,,,,,,,,,,,,,,,,,,,,,,,,,,,
,,,,,,,,,,,,,,,,,,,,,,,,,,,,,,,,,,,,,,,,,,,,,,,,,,,,,,,,,,,,,,,,,,,,
,,,,,,,,,,,,,,,,,,,,,,,,,,,,,,,,,,,,,,,,,,,,,,,,,,,,,,,,,,,,,,,,,,,,
,,,,,,,,,,,,,,,,,,,,,,,,,,,,,,,,,,,,,,,,,,,,,,,,,,,,,,,,,,,,,,,,,,,,
,,,,,,,,,,,,,,,,,,,,,,,,,,,,,,,,,,,,,,,,,,,,,,,,,,,,,,,,,,,,,,,,,,,,
,,,,,,,,,,,,,,,,,,,,,,,,,,,,,,,,,,,,,,,,,,,,,,,,,,,,,,,,,,,,,,,,,,,,
,,,,,,,,,,,,,,,,,,,,,,,,,,,,,,,,,,,,,,,,,,,,,,,,,,,,,,,,,,,,,,,,,,,,
,,,,,,,,,,,,,,,,,,,,,,,,,,,,,,,,,,,,,,,,,,,,,,,,,,,,,,,,,,,,,,,,,,,,
,,,,,,,,,,,,,,,,,,,,,,,,,,,,,,,,,,,,,,,,,,,,,,,,,,,,,,,,,,,,,,,,,,,,
,,,,,,,,,,,,,,,,,,,,,,,,,,,,,,,,,,,,,,,,,,,,,,,,,,,,,,,,,,,,,,,,,,,,
,,,,,,,,,,,,,,,,,,,,,,,,,,,,,,,,,,,,,,,,,,,,,,,,,,,,,,,,,,,,,,,,,,,,
,,,,,,,,,,,,,,,,,,,,,,,,,,,,,,,,,,,,,,,,,,,,,,,,,,,,,,,,,,,,,,,,,,,,
,,,,,,,,,,,,,,,,,,,,,,,,,,,,,,,,,,,,,,,,,,,,,,,,,,,,,,,,,,,,,,,,,,,,
,,,,,,,,,,,,,,,,,,,,,,,,,,,,,,,,,,,,,,,,,,,,,,,,,,,,,,,,,,,,,,,,,,,,
,,,,,,,,,,,,,,,,,,,,,,,,,,,,,,,,,,,,,,,,,,,,,,,,,,,,,,,,,,,,,,,,,,,,
,,,,,,,,,,,,,,,,,,,,,,,,,,,,,,,,,,,,,,,,,,,,,,,,,,,,,,,,,,,,,,,,,,,,
,,,,,,,,,,,,,,,,,,,,,,,,,,,,,,,,,,,,,,,,,,,,,,,,,,,,,,,,,,,,,,,,,,,,
,,,,,,,,,,,,,,,,,,,,,,,,,,,,,,,,,,,,,,,,,,,,,,,,,,,,,,,,,,,,,,,,,,,,
,,,,,,,,,,,,,,,,,,,,,,,,,,,,,,,,,,,,,,,,,,,,,,,,,,,,,,,,,,,,,,,,,,,,
,,,,,,,,,,,,,,,,,,,,,,,,,,,,,,,,,,,,,,,,,,,,,,,,,,,,,,,,,,,,,,,,,,,,
,,,,,,,,,,,,,,,,,,,,,,,,,,,,,,,,,,,,,,,,,,,,,,,,,,,,,,,,,,,,,,,,,,,,
,,,,,,,,,,,,,,,,,,,,,,,,,,,,,,,,,,,,,,,,,,,,,,,,,,,,,,,,,,,,,,,,,,,,
,,,,,,,,,,,,,,,,,,,,,,,,,,,,,,,,,,,,,,,,,,,,,,,,,,,,,,,,,,,,,,,,,,,,
,,,,,,,,,,,,,,,,,,,,,,,,,,,,,,,,,,,,,,,,,,,,,,,,,,,,,,,,,,,,,,,,,,,,
,,,,,,,,,,,,,,,,,,,,,,,,,,,,,,,,,,,,,,,,,,,,,,,,,,,,,,,,,,,,,,,,,,,,
,,,,,,,,,,,,,,,,,,,,,,,,,,,,,,,,,,,,,,,,,,,,,,,,,,,,,,,,,,,,,,,,,,,,
,,,,,,,,,,,,,,,,,,,,,,,,,,,,,,,,,,,,,,,,,,,,,,,,,,,,,,,,,,,,,,,,,,,,
,,,,,,,,,,,,,,,,,,,,,,,,,,,,,,,,,,,,,,,,,,,,,,,,,,,,,,,,,,,,,,,,,,,,
,,,,,,,,,,,,,,,,,,,,,,,,,,,,,,,,,,,,,,,,,,,,,,,,,,,,,,,,,,,,,,,,,,,,
,,,,,,,,,,,,,,,,,,,,,,,,,,,,,,,,,,,,,,,,,,,,,,,,,,,,,,,,,,,,,,,,,,,,